,Rating,MRP,Processor,RAM,OS,Storage,OS_arch,RAM_Type,cluster
0,4.2,25490.0,Intel Celeron Dual Core Processor,4 GB,Windows 11,"('512 GB SSD',)",64,LPDDR4,3
1,3.8,22490.0,Intel Core i5 Processor,4 GB,Windows 11,"('512 GB SSD',)",64,LPDDR4X,6
2,4.1,25685.0,Intel Celeron Dual Core Processor,8 GB,Windows 11,"('256 GB SSD',)",64,DDR4,1
3,4.4,51990.0,Intel Core i5 Processor,8 GB,Windows 11,"('512 GB SSD',)",64,DDR4,5
4,4.2,38990.0,Intel Core i3 Processor,8 GB,Windows 11,"('512 GB SSD',)",64,DDR4,5
5,4.1,23990.0,Intel Celeron Dual Core Processor,4 GB,Windows 11,"('256 GB SSD',)",64,DDR4,1
6,4.1,39990.0,Intel Core i5 Processor,8 GB,Windows 11,"('512 GB SSD',)",64,DDR4,5
7,3.8,19100.0,Intel Core i5 Processor,4 GB,Chrome,"('512 GB SSD',)",32,DDR4,6
8,4.3,33490.0,Intel Core i3 Processor,8 GB,Windows 11,"('256 GB SSD',)",64,DDR4,1
9,4.3,40990.0,Intel Core i3 Processor,8 GB,Windows 11,"('512 GB SSD',)",64,DDR4,5
10,4.3,47990.0,Intel Core i5 Processor,8 GB,Windows 11,"('512 GB SSD',)",64,DDR4,5
11,4.3,36158.0,Intel Core i3 Processor,8 GB,Windows 11,"('512 GB SSD',)",64,DDR4,5
12,4.7,84990.0,Intel Core i5 Processor,8 GB,Windows 11,"('256 GB SSD',)",64,DDR4,5
13,4.4,51990.0,AMD Ryzen 5 Hexa Core Processor,8 GB,Windows 11,"('1 TB HDD', '256 GB SSD')",64,DDR4,5
14,4.4,55990.0,AMD Ryzen 5 Hexa Core Processor,8 GB,Windows 11,"('512 GB SSD',)",64,DDR4,5
15,4.2,33639.0,Intel Core i3 Processor,8 GB,Windows 11,"('256 GB SSD',)",64,DDR4,1
16,4.3,36990.0,Intel Core i3 Processor,8 GB,Windows 11,"('512 GB SSD',)",64,DDR4,5
17,4.5,83990.0,Intel Core i5 Processor,16 GB,Windows 11,"('512 GB SSD',)",64,DDR5,0
18,4.3,50990.0,AMD Ryzen 5 Hexa Core Processor,16 GB,Windows 11,"('512 GB SSD',)",64,DDR4,7
19,4.2,50990.0,AMD Ryzen 5 Hexa Core Processor,16 GB,Windows 11,"('512 GB SSD',)",64,DDR4,7
20,4.1,40990.0,Intel Core i5 Processor,8 GB,Windows 11,"('1 TB HDD', '256 GB SSD')",64,DDR4,1
21,4.3,53990.0,Intel Core i5 Processor,8 GB,Windows 11,"('512 GB SSD',)",64,DDR4,5
22,4.4,42090.0,Intel Core i3 Processor,8 GB,Windows 11,"('256 GB SSD',)",64,DDR4,1
23,4.2,65990.0,Intel Core i5 Processor,16 GB,Windows 11,"('512 GB SSD',)",64,DDR4,7
24,4.2,37990.0,AMD Ryzen 3 Quad Core Processor,8 GB,Windows 11,"('512 GB SSD',)",64,DDR4,5
25,4.5,83990.0,Intel Core i5 Processor,16 GB,Windows 11,"('512 GB SSD',)",64,DDR5,0
26,4.2,40990.0,Intel Core i3 Processor,8 GB,Windows 11,"('1 TB HDD', '256 GB SSD')",64,DDR4,1
27,4.2,25490.0,Intel Celeron Dual Core Processor,4 GB,Windows 11,"('512 GB SSD',)",64,LPDDR4,3
28,4.6,89990.0,Intel Core i9 Processor,32 GB,Windows 11,"('1 TB SSD',)",64,LPDDR5,0
29,4.5,42490.0,Intel Core i3 Processor,8 GB,Windows 11,"('512 GB SSD',)",64,DDR4,5
30,4.4,66990.0,Intel Core i5 Processor,16 GB,Windows 11,"('512 GB SSD',)",64,DDR4,7
31,4.2,58400.0,Intel Core i5 Processor,8 GB,Windows 11,"('512 GB SSD',)",64,DDR4,5
32,4.6,112990.0,Intel Core i5 Processor,8 GB,Windows 11,"('256 GB SSD',)",64,Unified Memory,5
33,4.8,129990.0,Intel Core i5 Processor,8 GB,Windows 11,"('512 GB SSD',)",64,Unified Memory,5
34,4.3,57990.0,Intel Core i5 Processor,8 GB,Windows 11,"('512 GB SSD',)",64,DDR4,5
35,4.3,53990.0,Intel Core i5 Processor,8 GB,Windows 11,"('512 GB SSD',)",64,DDR4,5
36,4.2,119990.0,Intel Core i7 Processor,16 GB,Windows 11,"('1 TB SSD',)",64,LPDDR5,2
37,4.6,79990.0,Intel Core i5 Processor,16 GB,Windows 11,"('512 GB SSD',)",64,LPDDR4X,0
38,4.3,89990.0,Intel Core i7 Processor,16 GB,Windows 11,"('1 TB SSD',)",64,DDR4,2
39,4.2,60990.0,Intel Core i5 Processor,16 GB,Windows 11,"('512 GB SSD',)",64,DDR4,7
40,4.2,56990.0,Intel Core i7 Processor,16 GB,Windows 11,"('512 GB SSD',)",64,DDR4,7
41,5.0,134999.0,Intel Core i9 Processor,16 GB,Windows 11,"('1 TB SSD',)",64,DDR4,0
42,4.2,170990.0,Intel Core i7 Processor,16 GB,Windows 11,"('1 TB SSD',)",64,DDR5,2
43,3.8,22490.0,Intel Core i5 Processor,4 GB,Windows 11,"('512 GB SSD',)",64,LPDDR4X,6
44,4.2,50490.0,AMD Ryzen 5 Hexa Core Processor,8 GB,Windows 11,"('512 GB SSD',)",64,DDR4,5
45,4.2,219990.0,Intel Core i7 Processor,32 GB,Windows 11,"('1 TB SSD',)",64,DDR5,2
46,4.4,65114.0,Intel Core i5 Processor,8 GB,Windows 11,"('512 GB SSD',)",64,DDR4,5
47,3.9,62990.0,Intel Core i5 Processor,16 GB,Windows 11,"('512 GB SSD',)",64,DDR4,7
48,4.0,16990.0,Intel Celeron Dual Core Processor,4 GB,Windows 11,"('512 GB SSD',)",64,LPDDR4,3
49,4.0,82990.0,Intel Core i5 Processor,16 GB,Windows 11,"('512 GB SSD',)",64,DDR4,7
50,4.2,40450.0,Intel Core i3 Processor,8 GB,Windows 11,"('512 GB SSD',)",64,DDR4,5
51,4.2,25490.0,Intel Celeron Dual Core Processor,4 GB,Windows 11,"('512 GB SSD',)",64,LPDDR4,3
52,4.2,37990.0,AMD Ryzen 3 Quad Core Processor,8 GB,Windows 11,"('512 GB SSD',)",64,DDR4,5
53,4.2,47990.0,Intel Core i5 Processor,8 GB,Windows 11,"('512 GB SSD',)",64,DDR4,5
54,4.3,45490.0,AMD Ryzen 5 Hexa Core Processor,8 GB,Windows 11,"('512 GB SSD',)",64,DDR4,5
55,3.8,19100.0,Intel Core i5 Processor,4 GB,Chrome,"('512 GB SSD',)",32,DDR4,6
56,4.4,57990.0,AMD Ryzen 7 Octa Core Processor,16 GB,Windows 11,"('512 GB SSD',)",64,DDR4,7
57,4.0,42990.0,Intel Core i3 Processor,8 GB,Windows 11,"('512 GB SSD',)",64,DDR4,1
58,4.3,43890.0,AMD Ryzen 5 Hexa Core Processor,8 GB,Windows 11,"('512 GB SSD',)",64,DDR4,5
59,3.8,22490.0,Intel Core i5 Processor,4 GB,Windows 11,"('512 GB SSD',)",64,LPDDR4X,6
60,4.2,129990.0,AMD Ryzen 7 Octa Core Processor,16 GB,Windows 11,"('1 TB SSD',)",64,DDR5,2
61,4.3,53990.0,Intel Core i5 Processor,8 GB,Windows 11,"('512 GB SSD',)",64,DDR4,5
62,4.6,84990.0,Intel Core i7 Processor,16 GB,Windows 11,"('1 TB SSD',)",64,DDR4,0
63,4.3,36158.0,Intel Core i3 Processor,8 GB,Windows 11,"('512 GB SSD',)",64,DDR4,5
64,4.5,90990.0,AMD Ryzen 7 Octa Core Processor,16 GB,Windows 11,"('1 TB SSD',)",64,DDR4,0
65,4.2,89990.0,Intel Core i7 Processor,16 GB,Windows 11,"('512 GB SSD',)",64,LPDDR4,7
66,4.4,59990.0,AMD Ryzen 7 Octa Core Processor,16 GB,Windows 11,"('512 GB SSD',)",64,DDR4,7
67,4.5,37990.0,Intel Core i3 Processor,8 GB,Windows 11,"('512 GB SSD',)",64,DDR4,5
68,4.3,59490.0,AMD Ryzen 5 Hexa Core Processor,16 GB,Windows 11,"('512 GB SSD',)",64,DDR4,7
69,4.7,104990.0,Intel Core i7 Processor,16 GB,Windows 11,"('512 GB SSD',)",64,DDR4,0
70,4.1,25990.0,Intel Pentium Silver Processor,4 GB,Windows 11,"('256 GB SSD',)",64,DDR4,1
71,4.2,33639.0,Intel Core i3 Processor,8 GB,Windows 11,"('256 GB SSD',)",64,DDR4,1
72,4.2,299990.0,Intel Core i9 Processor,32 GB,Windows 11,"('2 TB SSD',)",64,DDR5,4
73,4.2,74990.0,AMD Ryzen 7 Octa Core Processor,8 GB,Windows 11,"('512 GB SSD',)",64,DDR4,5
74,4.2,50990.0,Intel Core i5 Processor,8 GB,Windows 11,"('512 GB SSD',)",64,DDR4,5
75,4.2,25490.0,Intel Celeron Dual Core Processor,4 GB,Windows 11,"('512 GB SSD',)",64,LPDDR4,3
76,4.2,42500.0,AMD Ryzen 3 Dual Core Processor,8 GB,Windows 11,"('1 TB HDD', '256 GB SSD')",64,DDR4,1
77,4.4,68928.0,AMD Ryzen 5 Hexa Core Processor,16 GB,Windows 11,"('512 GB SSD',)",64,DDR4,7
78,2.8,53990.0,AMD Ryzen 5 Hexa Core Processor,16 GB,Windows 10,"('512 GB SSD',)",64,DDR4,6
79,4.2,58400.0,Intel Core i5 Processor,8 GB,Windows 11,"('512 GB SSD',)",64,DDR4,5
80,4.2,47990.0,Intel Core i5 Processor,8 GB,Windows 11,"('512 GB SSD',)",64,DDR4,5
81,4.6,79990.0,Intel Core i5 Processor,16 GB,Windows 11,"('512 GB SSD',)",64,DDR4,0
82,4.1,53490.0,Intel Core i5 Processor,8 GB,Windows 11,"('512 GB SSD',)",64,DDR4,5
83,4.3,53990.0,Intel Core i5 Processor,8 GB,Windows 11,"('512 GB SSD',)",64,DDR4,5
84,4.0,58990.0,Intel Core i5 Processor,8 GB,Windows 11,"('1 TB HDD', '256 GB SSD')",64,DDR4,1
85,4.8,112990.0,Intel Core i5 Processor,8 GB,Windows 11,"('256 GB SSD',)",64,Unified Memory,5
86,4.4,64150.0,Intel Core i5 Processor,8 GB,Windows 11,"('512 GB SSD',)",64,LPDDR4X,5
87,4.3,36158.0,Intel Core i3 Processor,8 GB,Windows 11,"('512 GB SSD',)",64,DDR4,5
88,4.3,41000.0,AMD Ryzen 3 Quad Core Processor,8 GB,Windows 10,"('512 GB SSD',)",64,DDR4,5
89,4.7,124990.0,AMD Ryzen 7 Octa Core Processor,16 GB,Windows 11,"('1 TB SSD',)",64,DDR5,0
90,4.2,36990.0,AMD Ryzen 3 Dual Core Processor,8 GB,Windows 11,"('512 GB SSD',)",64,DDR4,5
91,4.2,60990.0,Intel Core i5 Processor,16 GB,Windows 11,"('512 GB SSD',)",64,DDR4,7
92,4.5,56990.0,AMD Ryzen 5 Hexa Core Processor,8 GB,Windows 11,"('512 GB SSD',)",64,DDR4,5
93,4.2,279990.0,Intel Core i9 Processor,32 GB,Windows 11,"('1 TB SSD',)",64,DDR5,4
94,4.4,46990.0,Intel Core i5 Processor,8 GB,Windows 10,"('256 GB SSD',)",64,DDR4,1
95,3.8,22490.0,Intel Core i5 Processor,4 GB,Windows 11,"('512 GB SSD',)",64,LPDDR4X,6
96,4.2,349900.0,Intel Core i5 Processor,32 GB,Windows 11,"('1 TB SSD',)",64,Unified Memory,4
97,4.7,85990.0,Intel Core i5 Processor,16 GB,Windows 11,"('512 GB SSD',)",64,DDR4,0
98,4.4,38990.0,Intel Core i3 Processor,8 GB,Windows 10,"('512 GB SSD',)",64,DDR4,5
99,4.2,25490.0,Intel Celeron Dual Core Processor,4 GB,Windows 11,"('512 GB SSD',)",64,LPDDR4,3
100,4.2,138990.0,Intel Core i5 Processor,16 GB,Windows 11,"('1 TB SSD',)",64,DDR5,2
101,4.3,329900.0,Intel Core i5 Processor,32 GB,Windows 11,"('1 TB SSD',)",64,Unified Memory,4
102,4.5,56990.0,AMD Ryzen 5 Hexa Core Processor,8 GB,Windows 11,"('512 GB SSD',)",64,DDR4,5
103,3.8,19100.0,Intel Core i5 Processor,4 GB,Chrome,"('512 GB SSD',)",32,DDR4,6
104,4.4,64150.0,Intel Core i5 Processor,8 GB,Windows 11,"('512 GB SSD',)",64,LPDDR4X,5
105,4.8,112990.0,Intel Core i5 Processor,8 GB,Windows 11,"('256 GB SSD',)",64,Unified Memory,5
106,4.5,68990.0,Intel Core i5 Processor,16 GB,Windows 11,"('512 GB SSD',)",64,DDR4,7
107,3.8,22490.0,Intel Core i5 Processor,4 GB,Windows 11,"('512 GB SSD',)",64,LPDDR4X,6
108,4.1,32000.0,Intel Core i5 Processor,8 GB,Windows 11,"('256 GB SSD',)",64,DDR4,1
109,4.3,32489.0,Intel Core i3 Processor,8 GB,Windows 11,"('256 GB SSD',)",64,DDR4,1
110,4.2,299990.0,Intel Core i9 Processor,32 GB,Windows 11,"('2 TB SSD',)",64,DDR5,4
111,4.3,36158.0,Intel Core i3 Processor,8 GB,Windows 11,"('512 GB SSD',)",64,DDR4,5
112,4.3,45990.0,Intel Core i3 Processor,8 GB,Windows 11,"('512 GB SSD',)",64,DDR4,5
113,4.2,149700.0,AMD Ryzen 7 Octa Core Processor,16 GB,Windows 11,"('1 TB SSD',)",64,DDR5,2
114,4.0,42990.0,Intel Core i3 Processor,8 GB,Windows 11,"('512 GB SSD',)",64,DDR4,1
115,4.5,37990.0,Intel Core i3 Processor,8 GB,Windows 11,"('512 GB SSD',)",64,DDR4,5
116,4.3,45990.0,Intel Core i3 Processor,8 GB,Windows 11,"('512 GB SSD',)",64,DDR4,5
117,4.0,22900.0,AMD Dual Core Processor,4 GB,Windows 11,"('256 GB SSD',)",64,DDR4,1
118,4.4,46990.0,Intel Core i5 Processor,8 GB,Windows 10,"('256 GB SSD',)",64,DDR4,1
119,4.2,33639.0,Intel Core i3 Processor,8 GB,Windows 11,"('256 GB SSD',)",64,DDR4,1
120,4.2,304990.0,Intel Core i9 Processor,32 GB,Windows 11,"('2 TB SSD',)",64,DDR5,4
121,4.2,359990.0,Intel Core i9 Processor,32 GB,Windows 11,"('2 TB SSD',)",64,DDR5,4
122,4.2,45990.0,Intel Core i5 Processor,8 GB,Windows 11,"('512 GB SSD',)",64,DDR4,5
123,4.2,25490.0,Intel Celeron Dual Core Processor,4 GB,Windows 11,"('512 GB SSD',)",64,LPDDR4,3
124,4.2,84990.0,AMD Ryzen 7 Octa Core Processor,16 GB,Windows 11,"('512 GB SSD',)",64,DDR4,7
125,4.8,93990.0,Intel Core i7 Processor,16 GB,Windows 11,"('1 TB SSD',)",64,DDR4,0
126,4.2,40300.0,AMD Ryzen 5 Quad Core Processor,8 GB,Windows 11,"('512 GB SSD',)",64,DDR4,5
127,3.8,19100.0,Intel Core i5 Processor,4 GB,Chrome,"('512 GB SSD',)",32,DDR4,6
128,4.2,171990.0,AMD Ryzen 7 Octa Core Processor,16 GB,Windows 11,"('1 TB SSD',)",64,DDR5,2
129,4.3,69990.0,Intel Core i5 Processor,16 GB,Windows 11,"('512 GB SSD',)",64,LPDDR4X,7
130,4.4,63990.0,AMD Ryzen 7 Octa Core Processor,16 GB,Windows 11,"('512 GB SSD',)",64,DDR4,7
131,3.8,22490.0,Intel Core i5 Processor,4 GB,Windows 11,"('512 GB SSD',)",64,LPDDR4X,6
132,4.7,84990.0,Intel Core i5 Processor,8 GB,Windows 11,"('256 GB SSD',)",64,DDR4,5
133,4.3,40990.0,Intel Core i3 Processor,8 GB,Windows 11,"('512 GB SSD',)",64,DDR4,5
134,4.2,35990.0,AMD Ryzen 3 Dual Core Processor,8 GB,Windows 11,"('256 GB SSD',)",64,DDR4,1
135,4.3,36158.0,Intel Core i3 Processor,8 GB,Windows 11,"('512 GB SSD',)",64,DDR4,5
136,4.2,239990.0,Intel Core i5 Processor,16 GB,Windows 11,"('512 GB SSD',)",64,Unified Memory,4
137,4.0,82990.0,Intel Core i5 Processor,16 GB,Windows 11,"('512 GB SSD',)",64,DDR4,7
138,4.5,159990.0,Intel Core i9 Processor,32 GB,Windows 11,"('1 TB SSD',)",64,LPDDR5,2
139,4.5,37990.0,Intel Core i3 Processor,8 GB,Windows 11,"('512 GB SSD',)",64,DDR4,5
140,4.7,132900.0,Intel Core i5 Processor,16 GB,Windows 11,"('512 GB SSD',)",64,DDR4,0
141,4.2,75990.0,Intel Core i7 Processor,16 GB,Windows 11,"('512 GB SSD',)",64,DDR4,7
142,4.4,37880.0,Intel Core i5 Processor,8 GB,Windows 11,"('256 GB SSD',)",64,DDR4,1
143,4.2,33639.0,Intel Core i3 Processor,8 GB,Windows 11,"('256 GB SSD',)",64,DDR4,1
144,4.2,73490.0,Intel Core i5 Processor,16 GB,Windows 11,"('512 GB SSD',)",64,DDR4,7
145,3.8,22490.0,Intel Core i5 Processor,4 GB,Windows 11,"('512 GB SSD',)",64,LPDDR4X,6
146,4.2,53990.0,Intel Core i5 Processor,8 GB,Windows 11,"('512 GB SSD',)",64,DDR4,5
147,4.2,25490.0,Intel Celeron Dual Core Processor,4 GB,Windows 11,"('512 GB SSD',)",64,LPDDR4,3
148,4.2,144990.0,Intel Core i7 Processor,16 GB,Windows 11,"('1 TB SSD',)",64,LPDDR5,2
149,4.2,49990.0,Intel Core i3 Processor,8 GB,Windows 11,"('512 GB SSD',)",64,DDR4,5
150,4.4,52990.0,Intel Core i5 Processor,8 GB,Windows 11,"('512 GB SSD',)",64,DDR4,5
151,3.8,19100.0,Intel Core i5 Processor,4 GB,Chrome,"('512 GB SSD',)",32,DDR4,6
152,4.3,79990.0,Intel Core i7 Processor,16 GB,Windows 10,"('512 GB SSD',)",64,DDR4,7
153,4.2,56990.0,Intel Core i3 Processor,8 GB,Windows 11,"('512 GB SSD',)",64,DDR4,5
154,4.2,89952.0,Intel Core i9 Processor,16 GB,Windows 11,"('512 GB SSD',)",64,DDR4,7
155,4.3,36158.0,Intel Core i3 Processor,8 GB,Windows 11,"('512 GB SSD',)",64,DDR4,5
156,4.2,38990.0,Intel Core i3 Processor,8 GB,Windows 11,"('512 GB SSD',)",64,DDR4,5
157,4.5,95990.0,Intel Core i7 Processor,16 GB,Windows 10,"('1 TB HDD', '512 GB SSD')",64,DDR4,0
158,4.2,29990.0,Intel Core i3 Processor,8 GB,Windows 11,"('256 GB SSD',)",64,LPDDR4X,1
159,4.5,37990.0,Intel Core i3 Processor,8 GB,Windows 11,"('512 GB SSD',)",64,DDR4,5
160,2.8,44490.0,Intel Core i3 Processor,8 GB,Windows 11,"('512 GB SSD',)",64,DDR4,6
161,4.2,78990.0,AMD Ryzen 7 Octa Core Processor,16 GB,Windows 11,"('1 TB SSD',)",64,LPDDR5,2
162,4.4,44990.0,Intel Core i3 Processor,8 GB,Windows 11,"('256 GB SSD',)",64,LPDDR4X,1
163,4.2,33639.0,Intel Core i3 Processor,8 GB,Windows 11,"('256 GB SSD',)",64,DDR4,1
164,4.2,92990.0,Intel Core i5 Processor,16 GB,Windows 11,"('512 GB SSD',)",64,LPDDR5,7
165,3.9,114990.0,Intel Core i7 Processor,16 GB,Windows 11,"('1 TB SSD',)",64,DDR5,2
166,4.0,54990.0,AMD Ryzen 5 Hexa Core Processor,8 GB,Windows 11,"('1 TB HDD', '256 GB SSD')",64,DDR4,1
167,4.2,50990.0,AMD Ryzen 5 Hexa Core Processor,16 GB,Windows 11,"('512 GB SSD',)",64,DDR4,7
168,4.2,49990.0,Intel Core i3 Processor,8 GB,Windows 11,"('512 GB SSD',)",64,DDR4,5
169,4.1,32000.0,Intel Core i5 Processor,8 GB,Windows 11,"('256 GB SSD',)",64,DDR4,1
170,3.9,114990.0,Intel Core i7 Processor,16 GB,Windows 11,"('1 TB SSD',)",64,DDR5,2
171,4.2,25490.0,Intel Celeron Dual Core Processor,4 GB,Windows 11,"('512 GB SSD',)",64,LPDDR4,3
172,4.5,113990.0,Intel Core i5 Processor,16 GB,Windows 10,"('1 TB SSD',)",64,DDR4,0
173,4.0,54990.0,AMD Ryzen 5 Hexa Core Processor,8 GB,Windows 11,"('1 TB HDD', '256 GB SSD')",64,DDR4,1
174,4.2,38990.0,Intel Core i3 Processor,8 GB,Windows 11,"('512 GB SSD',)",64,DDR4,5
175,4.2,58400.0,Intel Core i5 Processor,8 GB,Windows 11,"('512 GB SSD',)",64,DDR4,5
176,4.2,92990.0,Intel Core i5 Processor,16 GB,Windows 11,"('512 GB SSD',)",64,LPDDR5,7
177,3.9,30300.0,Intel Pentium Quad Core Processor,8 GB,Windows 11,"('256 GB SSD',)",64,DDR4,1
178,4.2,29990.0,Intel Core i3 Processor,8 GB,Windows 11,"('256 GB SSD',)",64,LPDDR4X,1
179,4.3,53990.0,Intel Core i5 Processor,8 GB,Windows 11,"('512 GB SSD',)",64,DDR4,5
180,4.2,129990.0,Intel Core i7 Processor,16 GB,Windows 11,"('1 TB SSD',)",64,LPDDR5,2
181,4.4,87099.0,Intel Core i5 Processor,16 GB,Windows 11,"('512 GB SSD',)",64,DDR4,7
182,4.2,45990.0,Intel Core i5 Processor,8 GB,Windows 11,"('512 GB SSD',)",64,DDR4,5
183,4.2,60990.0,Intel Core i5 Processor,16 GB,Windows 11,"('512 GB SSD',)",64,DDR4,7
184,4.2,329990.0,Intel Core i5 Processor,16 GB,Windows 11,"('1 TB SSD',)",64,LPDDR5,4
185,4.2,211990.0,AMD Ryzen 9 Octa Core Processor,16 GB,Windows 11,"('1 TB SSD',)",64,DDR5,2
186,4.5,80990.0,AMD Ryzen 7 Octa Core Processor,16 GB,Windows 11,"('512 GB SSD',)",64,DDR4,0
187,3.8,22490.0,Intel Core i5 Processor,4 GB,Windows 11,"('512 GB SSD',)",64,LPDDR4X,6
188,4.7,132900.0,Intel Core i5 Processor,16 GB,Windows 11,"('512 GB SSD',)",64,DDR4,0
189,4.1,21990.0,Intel Celeron Quad Core Processor,4 GB,Windows 11,"('128 GB SSD',)",64,LPDDR4X,1
190,4.2,159990.0,Intel Core i9 Processor,32 GB,Windows 11,"('1 TB SSD',)",64,LPDDR5,2
191,3.9,62990.0,Intel Core i5 Processor,16 GB,Windows 11,"('512 GB SSD',)",64,DDR4,7
192,4.7,67490.0,AMD Ryzen 5 Hexa Core Processor,8 GB,Windows 11,"('512 GB SSD',)",64,DDR4,5
193,4.2,224990.0,AMD Ryzen 7 Octa Core Processor,32 GB,Windows 11,"('2 TB SSD',)",64,DDR5,4
194,4.2,48990.0,AMD Ryzen 5 Hexa Core Processor,16 GB,Windows 11,"('512 GB SSD',)",64,DDR4,7
195,4.2,25490.0,Intel Celeron Dual Core Processor,4 GB,Windows 11,"('512 GB SSD',)",64,LPDDR4,3
196,4.2,60990.0,AMD Ryzen 7 Octa Core Processor,16 GB,Windows 11,"('512 GB SSD',)",64,DDR4,7
197,4.1,63890.0,Intel Core i5 Processor,8 GB,Windows 11,"('512 GB SSD',)",64,DDR4,5
198,4.2,88990.0,AMD Ryzen 7 Octa Core Processor,16 GB,Windows 11,"('512 GB SSD',)",64,DDR4,7
199,3.8,19100.0,Intel Core i5 Processor,4 GB,Chrome,"('512 GB SSD',)",32,DDR4,6
200,4.2,83699.0,Intel Core i7 Processor,8 GB,Windows 11,"('512 GB SSD',)",64,DDR4,5
201,4.5,90490.0,Intel Core i5 Processor,16 GB,Windows 11,"('512 GB SSD',)",64,DDR4,0
202,3.4,69490.0,AMD Ryzen 5 Hexa Core Processor,8 GB,Windows 11,"('512 GB SSD',)",64,DDR5,6
203,3.8,22490.0,Intel Core i5 Processor,4 GB,Windows 11,"('512 GB SSD',)",64,LPDDR4X,6
204,4.6,146990.0,AMD Ryzen 9 Octa Core Processor,16 GB,Windows 11,"('1 TB SSD',)",64,DDR4,0
205,4.2,211990.0,AMD Ryzen 9 Octa Core Processor,16 GB,Windows 11,"('1 TB SSD',)",64,DDR5,2
206,4.4,64990.0,Intel Core i5 Processor,16 GB,Windows 11,"('512 GB SSD',)",64,DDR4,7
207,4.3,36158.0,Intel Core i3 Processor,8 GB,Windows 11,"('512 GB SSD',)",64,DDR4,5
208,4.2,365387.0,Intel Core i9 Processor,32 GB,Windows 11,"('2 TB SSD',)",64,DDR5,4
209,4.2,151990.0,AMD Ryzen 7 Hexa Core Processor,16 GB,Windows 11,"('512 GB HDD', '512 GB SSD')",64,DDR5,2
210,4.2,224990.0,AMD Ryzen 7 Octa Core Processor,32 GB,Windows 11,"('2 TB SSD',)",64,DDR5,4
211,4.2,33639.0,Intel Core i3 Processor,8 GB,Windows 11,"('256 GB SSD',)",64,DDR4,1
212,4.2,170399.0,Intel Core i7 Processor,16 GB,Windows 11,"('1 TB SSD',)",64,DDR5,2
213,4.5,65990.0,AMD Ryzen 5 Hexa Core Processor,8 GB,Windows 11,"('1 TB SSD',)",64,DDR4,5
214,4.1,65490.0,Intel Core i5 Processor,8 GB,Windows 11,"('512 GB SSD',)",64,DDR4,5
215,4.2,50990.0,AMD Ryzen 5 Hexa Core Processor,16 GB,Windows 11,"('512 GB SSD',)",64,DDR4,7
216,4.5,37990.0,Intel Core i3 Processor,8 GB,Windows 11,"('512 GB SSD',)",64,DDR4,5
217,4.2,79990.0,Intel Core i5 Processor,16 GB,Windows 11,"('512 GB SSD',)",64,LPDDR4X,7
218,4.5,74990.0,Intel Core i5 Processor,16 GB,Windows 11,"('512 GB SSD',)",64,DDR4,7
219,4.2,25490.0,Intel Celeron Dual Core Processor,4 GB,Windows 11,"('512 GB SSD',)",64,LPDDR4,3
220,4.2,115990.0,AMD Ryzen 7 Octa Core Processor,16 GB,Windows 11,"('1 TB SSD',)",64,DDR4,2
221,3.9,31990.0,Intel Core i3 Processor,4 GB,Windows 11,"('256 GB SSD',)",64,DDR4,1
222,4.2,74490.0,AMD Ryzen 5 Hexa Core Processor,8 GB,Windows 11,"('512 GB SSD',)",64,DDR4,5
223,3.8,19100.0,Intel Core i5 Processor,4 GB,Chrome,"('512 GB SSD',)",32,DDR4,6
224,4.0,27990.0,Intel Pentium Silver Processor,8 GB,Windows 11,"('256 GB SSD',)",64,DDR4,1
225,4.7,85990.0,Intel Core i5 Processor,16 GB,Windows 11,"('512 GB SSD',)",64,LPDDR4X,0
226,4.2,146990.0,AMD Ryzen 9 Octa Core Processor,16 GB,Windows 11,"('1 TB SSD',)",64,DDR5,2
227,3.8,22490.0,Intel Core i5 Processor,4 GB,Windows 11,"('512 GB SSD',)",64,LPDDR4X,6
228,4.5,56990.0,Intel Core i5 Processor,8 GB,Windows 11,"('512 GB SSD',)",64,DDR4,5
229,4.2,210990.0,AMD Ryzen 9 Octa Core Processor,16 GB,Windows 11,"('1 TB SSD',)",64,DDR5,2
230,4.2,149990.0,Intel Core i7 Processor,16 GB,Windows 11,"('1 TB SSD',)",64,DDR4,2
231,4.3,36158.0,Intel Core i3 Processor,8 GB,Windows 11,"('512 GB SSD',)",64,DDR4,5
232,5.0,103990.0,Intel Core i7 Processor,16 GB,Windows 11,"('512 GB SSD',)",64,LPDDR4X,0
233,4.8,91990.0,AMD Ryzen 5 Hexa Core Processor,16 GB,Windows 11,"('512 GB SSD',)",64,LPDDR4X,0
234,4.1,84990.0,Intel Core i7 Processor,16 GB,Windows 11,"('512 GB SSD',)",64,DDR4,7
235,4.2,33639.0,Intel Core i3 Processor,8 GB,Windows 11,"('256 GB SSD',)",64,DDR4,1
236,4.3,45490.0,Intel Core i3 Processor,8 GB,Windows 11,"('512 GB SSD',)",64,DDR4,5
237,4.2,47990.0,AMD Ryzen 3 Quad Core Processor,8 GB,Windows 11,"('512 GB SSD',)",64,LPDDR5,5
238,4.1,40690.0,Intel Core i3 Processor,8 GB,Windows 11,"('512 GB SSD',)",64,DDR4,5
239,4.2,50990.0,AMD Ryzen 5 Hexa Core Processor,16 GB,Windows 11,"('512 GB SSD',)",64,DDR4,7
240,4.3,39790.0,AMD Ryzen 3 Quad Core Processor,8 GB,Windows 11,"('512 GB SSD',)",64,DDR4,5
241,4.2,54990.0,Intel Core i5 Processor,16 GB,Windows 11,"('512 GB SSD',)",64,DDR4,7
242,4.2,47990.0,AMD Ryzen 3 Quad Core Processor,8 GB,Windows 11,"('512 GB SSD',)",64,LPDDR5,5
243,4.2,25490.0,Intel Celeron Dual Core Processor,4 GB,Windows 11,"('512 GB SSD',)",64,LPDDR4,3
244,4.8,259900.0,Intel Core i5 Processor,16 GB,Windows 11,"('1 TB SSD',)",64,Unified Memory,4
245,4.2,139000.0,Intel Core i5 Processor,8 GB,Windows 11,"('512 GB SSD',)",64,Unified Memory,5
246,4.2,115990.0,AMD Ryzen 7 Octa Core Processor,16 GB,Windows 11,"('1 TB SSD',)",64,DDR4,2
247,4.2,58400.0,Intel Core i5 Processor,8 GB,Windows 11,"('512 GB SSD',)",64,DDR4,5
248,2.3,74990.0,Intel Core i5 Processor,8 GB,Windows 11,"('512 GB SSD',)",64,LPDDR4X,6
249,4.2,56490.0,Intel Core i7 Processor,8 GB,Windows 10,"('512 GB SSD',)",64,DDR4,5
250,4.2,181990.0,Intel Core i9 Processor,16 GB,Windows 11,"('1 TB SSD',)",64,LPDDR5,2
251,4.3,53990.0,Intel Core i5 Processor,8 GB,Windows 11,"('512 GB SSD',)",64,DDR4,5
252,4.0,71990.0,Intel Core i5 Processor,16 GB,Windows 11,"('512 GB SSD',)",64,DDR4,7
253,5.0,156490.0,Intel Core i7 Processor,16 GB,Windows 11,"('1 TB SSD',)",64,DDR5,0
254,4.2,361990.0,AMD Ryzen 9 Octa Core Processor,32 GB,Windows 11,"('2 TB SSD',)",64,DDR5,4
255,4.2,60990.0,Intel Core i5 Processor,16 GB,Windows 11,"('512 GB SSD',)",64,DDR4,7
256,4.2,139490.0,Intel Core i7 Processor,16 GB,Windows 11,"('512 GB SSD',)",64,DDR5,2
257,4.7,112900.0,Intel Core i5 Processor,16 GB,Windows 11,"('256 GB SSD',)",64,DDR4,0
258,5.0,129990.0,AMD Ryzen 7 Octa Core Processor,16 GB,Windows 11,"('1 TB SSD',)",64,DDR5,0
259,3.8,22490.0,Intel Core i5 Processor,4 GB,Windows 11,"('512 GB SSD',)",64,LPDDR4X,6
260,4.2,114650.0,Intel Core i5 Processor,16 GB,Windows 11,"('512 GB SSD',)",64,DDR5,7
261,5.0,174990.0,AMD Ryzen 9 Octa Core Processor,16 GB,Windows 11,"('1 TB SSD',)",64,DDR5,0
262,4.9,188490.0,Intel Core i5 Processor,16 GB,Windows 10,"('512 GB SSD',)",64,DDR4,0
263,3.9,62990.0,Intel Core i5 Processor,16 GB,Windows 11,"('512 GB SSD',)",64,DDR4,7
264,4.7,144990.0,AMD Ryzen 7 Octa Core Processor,16 GB,Windows 11,"('1 TB SSD',)",64,DDR4,0
265,4.2,349900.0,Intel Core i5 Processor,32 GB,Windows 11,"('1 TB SSD',)",64,Unified Memory,4
266,3.6,93899.0,Intel Core i7 Processor,16 GB,Windows 11,"('512 GB SSD',)",64,DDR4,7
267,4.2,25490.0,Intel Celeron Dual Core Processor,4 GB,Windows 11,"('512 GB SSD',)",64,LPDDR4,3
268,4.2,40990.0,Intel Core i3 Processor,8 GB,Windows 11,"('256 GB SSD',)",64,DDR4,1
269,4.2,359990.0,Intel Core i9 Processor,32 GB,Windows 11,"('2 TB SSD',)",64,DDR5,4
270,4.7,66990.0,AMD Ryzen 5 Hexa Core Processor,8 GB,Windows 10,"('512 GB SSD',)",64,DDR4,5
271,3.8,19100.0,Intel Core i5 Processor,4 GB,Chrome,"('512 GB SSD',)",32,DDR4,6
272,4.7,112900.0,Intel Core i5 Processor,16 GB,Windows 11,"('256 GB SSD',)",64,DDR4,0
273,4.8,239900.0,Intel Core i5 Processor,16 GB,Windows 11,"('512 GB SSD',)",64,Unified Memory,0
274,4.2,74990.0,Intel Core i7 Processor,8 GB,Windows 11,"('512 GB SSD',)",64,DDR4,5
275,3.8,22490.0,Intel Core i5 Processor,4 GB,Windows 11,"('512 GB SSD',)",64,LPDDR4X,6
276,4.5,74990.0,AMD Ryzen 7 Octa Core Processor,8 GB,Windows 11,"('512 GB SSD',)",64,DDR4,5
277,4.2,59890.0,Intel Core i5 Processor,16 GB,Windows 11,"('512 GB SSD',)",64,DDR4,7
278,4.2,68990.0,Intel Core i5 Processor,8 GB,Windows 11,"('512 GB SSD',)",64,DDR4,5
279,4.3,36158.0,Intel Core i3 Processor,8 GB,Windows 11,"('512 GB SSD',)",64,DDR4,5
280,4.2,189990.0,AMD Ryzen 7 Octa Core Processor,32 GB,Windows 11,"('1 TB SSD',)",64,DDR5,2
281,4.2,38990.0,Intel Core i3 Processor,8 GB,Windows 10,"('256 GB SSD',)",64,DDR4,1
282,4.4,44990.0,Intel Core i3 Processor,8 GB,Windows 11,"('256 GB SSD',)",64,LPDDR4X,1
283,4.5,37990.0,Intel Core i3 Processor,8 GB,Windows 11,"('512 GB SSD',)",64,DDR4,5
284,4.3,33990.0,Intel Core i3 Processor,8 GB,Windows 11,"('256 GB SSD',)",64,DDR4,1
285,4.2,174990.0,AMD Ryzen 9 Octa Core Processor,16 GB,Windows 11,"('1 TB SSD',)",64,DDR4,2
286,4.2,179990.0,AMD Ryzen 7 Octa Core Processor,32 GB,Windows 11,"('1 TB SSD',)",64,DDR4,2
287,4.2,33639.0,Intel Core i3 Processor,8 GB,Windows 11,"('256 GB SSD',)",64,DDR4,1
288,4.3,62990.0,Intel Core i5 Processor,8 GB,Windows 11,"('512 GB SSD',)",64,DDR4,5
289,4.2,137900.0,Intel Core i5 Processor,16 GB,Windows 11,"('256 GB SSD',)",64,Unified Memory,2
290,4.4,62990.0,Intel Core i5 Processor,8 GB,Windows 11,"('512 GB SSD',)",64,DDR4,5
291,4.2,25490.0,Intel Celeron Dual Core Processor,4 GB,Windows 11,"('512 GB SSD',)",64,LPDDR4,3
292,4.2,40248.0,AMD Ryzen 3 Quad Core Processor,8 GB,Windows 11,"('512 GB SSD',)",64,LPDDR5,5
293,5.0,99990.0,Intel Core i5 Processor,16 GB,Windows 11,"('512 GB SSD',)",64,DDR5,0
294,3.8,66998.0,AMD Ryzen 7 Octa Core Processor,16 GB,Windows 11,"('512 GB SSD',)",64,DDR4,7
295,4.2,58400.0,Intel Core i5 Processor,8 GB,Windows 11,"('512 GB SSD',)",64,DDR4,5
296,4.2,134990.0,Intel Core i7 Processor,16 GB,Windows 11,"('1 TB SSD',)",64,LPDDR5,2
297,4.2,86990.0,Intel Core i5 Processor,8 GB,Windows 11,"('512 GB SSD',)",64,DDR5,5
298,4.2,148590.0,Intel Core i7 Processor,16 GB,Windows 11,"('512 GB SSD',)",64,LPDDR5,2
299,4.3,53990.0,Intel Core i5 Processor,8 GB,Windows 11,"('512 GB SSD',)",64,DDR4,5
300,4.2,68990.0,Intel Core i5 Processor,8 GB,Windows 11,"('512 GB SSD',)",64,DDR4,5
301,4.2,50990.0,AMD Ryzen 5 Hexa Core Processor,16 GB,Windows 11,"('512 GB SSD',)",64,DDR4,7
302,4.5,45990.0,Intel Core i3 Processor,8 GB,Windows 11,"('512 GB SSD',)",64,DDR4,5
303,4.3,36158.0,Intel Core i3 Processor,8 GB,Windows 11,"('512 GB SSD',)",64,DDR4,5
304,4.6,129990.0,Intel Core i7 Processor,16 GB,Windows 10,"('1 TB SSD',)",64,DDR4,0
305,4.5,74890.0,Intel Core i5 Processor,16 GB,Windows 10,"('512 GB SSD',)",64,DDR4,0
306,4.2,281990.0,Intel Core i9 Processor,32 GB,Windows 11,"('1 TB SSD',)",64,DDR5,4
307,4.2,60990.0,Intel Core i5 Processor,16 GB,Windows 11,"('512 GB SSD',)",64,DDR4,7
308,4.2,193990.0,Intel Core i7 Processor,16 GB,Windows 11,"('1 TB SSD',)",64,DDR4,2
309,4.2,83990.0,Intel Core i5 Processor,16 GB,Windows 11,"('512 GB SSD',)",64,DDR4,7
310,4.7,129990.0,AMD Ryzen 9 Octa Core Processor,16 GB,Windows 11,"('1 TB SSD',)",64,DDR4,0
311,3.8,22490.0,Intel Core i5 Processor,4 GB,Windows 11,"('512 GB SSD',)",64,LPDDR4X,6
312,4.2,50990.0,AMD Ryzen 5 Hexa Core Processor,16 GB,Windows 11,"('512 GB SSD',)",64,DDR4,7
313,4.6,129990.0,Intel Core i7 Processor,16 GB,Windows 10,"('1 TB SSD',)",64,DDR4,0
314,4.2,123990.0,Intel Core i7 Processor,16 GB,Windows 11,"('512 GB SSD',)",64,DDR5,2
315,4.2,25490.0,Intel Celeron Dual Core Processor,4 GB,Windows 11,"('512 GB SSD',)",64,LPDDR4,3
316,4.2,168990.0,Intel Core i7 Processor,16 GB,Windows 11,"('512 GB SSD',)",64,DDR5,2
317,4.2,166499.0,Intel Core i7 Processor,16 GB,Windows 10,"('1 TB SSD',)",64,DDR4,2
318,4.2,63990.0,AMD Ryzen 5 Hexa Core Processor,16 GB,Windows 10,"('512 GB SSD',)",64,DDR4,7
319,3.8,19100.0,Intel Core i5 Processor,4 GB,Chrome,"('512 GB SSD',)",32,DDR4,6
320,4.2,31990.0,Intel Core i3 Processor,8 GB,Windows 11,"('256 GB SSD',)",64,LPDDR4X,1
321,4.2,42990.0,Intel Core i3 Processor,8 GB,Windows 11,"('512 GB SSD',)",64,DDR4,5
322,4.2,171990.0,AMD Ryzen 9 Octa Core Processor,32 GB,Windows 11,"('1 TB SSD',)",64,LPDDR5,2
323,3.8,22490.0,Intel Core i5 Processor,4 GB,Windows 11,"('512 GB SSD',)",64,LPDDR4X,6
324,4.2,99290.0,Intel Core i5 Processor,16 GB,Windows 11,"('512 GB SSD',)",64,LPDDR4X,7
325,4.3,36541.0,Intel Core i3 Processor,8 GB,Windows 11,"('512 GB SSD',)",64,DDR4,5
326,4.7,241990.0,Intel Core i9 Processor,32 GB,Windows 11,"('1 TB SSD',)",64,DDR5,4
327,4.3,36158.0,Intel Core i3 Processor,8 GB,Windows 11,"('512 GB SSD',)",64,DDR4,5
328,3.0,137990.0,Intel Core i5 Processor,8 GB,Windows 10,"('1 TB HDD', '256 GB SSD')",64,DDR4,6
329,4.2,162990.0,AMD Ryzen 7 Octa Core Processor,16 GB,Windows 11,"('1 TB SSD',)",64,DDR5,2
330,4.2,157990.0,AMD Ryzen 7 Octa Core Processor,16 GB,Windows 11,"('1 TB SSD',)",64,DDR5,2
331,4.5,37990.0,Intel Core i3 Processor,8 GB,Windows 11,"('512 GB SSD',)",64,DDR4,5
332,4.2,139000.0,Intel Core i5 Processor,8 GB,Windows 11,"('512 GB SSD',)",64,Unified Memory,5
333,4.2,43990.0,Intel Core i5 Processor,8 GB,Windows 11,"('512 GB SSD',)",64,DDR4,5
334,4.2,70990.0,AMD Ryzen 7 Octa Core Processor,16 GB,Windows 11,"('512 GB SSD',)",64,DDR4,7
335,4.2,33639.0,Intel Core i3 Processor,8 GB,Windows 11,"('256 GB SSD',)",64,DDR4,1
336,4.2,119990.0,Intel Core i7 Processor,16 GB,Windows 11,"('512 GB SSD',)",64,LPDDR5,2
337,4.2,139990.0,Intel Core i7 Processor,16 GB,Windows 11,"('1 TB SSD',)",64,LPDDR5,2
338,4.6,109990.0,Intel Core i7 Processor,16 GB,Windows 11,"('1 TB SSD',)",64,DDR4,0
339,4.2,25490.0,Intel Celeron Dual Core Processor,4 GB,Windows 11,"('512 GB SSD',)",64,LPDDR4,3
340,4.3,62490.0,Intel Core i5 Processor,8 GB,Windows 11,"('512 GB SSD',)",64,DDR4,5
341,4.2,62990.0,Intel Core i5 Processor,8 GB,Windows 11,"('512 GB SSD',)",64,DDR4,5
342,4.2,116899.0,Intel Core i7 Processor,16 GB,Windows 11,"('1 TB SSD',)",64,DDR5,2
343,3.8,19100.0,Intel Core i5 Processor,4 GB,Chrome,"('512 GB SSD',)",32,DDR4,6
344,4.1,38990.0,Intel Core i5 Processor,16 GB,Windows 11,"('512 GB SSD',)",64,LPDDR4X,7
345,5.0,197990.0,Intel Core i5 Processor,16 GB,Windows 10,"('1 TB SSD',)",64,DDR4,0
346,4.4,89990.0,Intel Core i5 Processor,16 GB,Windows 11,"('512 GB SSD',)",64,LPDDR5,7
347,3.8,22490.0,Intel Core i5 Processor,4 GB,Windows 11,"('512 GB SSD',)",64,LPDDR4X,6
348,4.2,329990.0,Intel Core i5 Processor,16 GB,Windows 11,"('1 TB SSD',)",64,LPDDR5,4
349,4.1,49990.0,Intel Core i3 Processor,8 GB,Windows 11,"('512 GB SSD',)",64,LPDDR4X,5
350,4.2,55990.0,AMD Ryzen 5 Hexa Core Processor,8 GB,Windows 11,"('512 GB SSD',)",64,DDR4,5
351,4.3,36158.0,Intel Core i3 Processor,8 GB,Windows 11,"('512 GB SSD',)",64,DDR4,5
352,4.2,391990.0,AMD Ryzen 9 Octa Core Processor,32 GB,Windows 11,"('2 TB SSD',)",64,DDR5,4
353,4.2,71590.0,AMD Ryzen 7 Octa Core Processor,16 GB,Windows 11,"('512 GB SSD',)",64,DDR4,7
354,4.2,69990.0,Intel Core i5 Processor,8 GB,Windows 11,"('512 GB SSD',)",64,DDR4,5
355,4.5,37990.0,Intel Core i3 Processor,8 GB,Windows 11,"('512 GB SSD',)",64,DDR4,5
356,4.2,104990.0,AMD Ryzen 7 Octa Core Processor,16 GB,Windows 11,"('1 TB SSD',)",64,LPDDR4X,2
357,4.2,301818.0,Intel Core i9 Processor,32 GB,Windows 11,"('1 TB SSD',)",64,DDR5,4
358,4.2,211990.0,AMD Ryzen 9 Octa Core Processor,16 GB,Windows 11,"('1 TB SSD',)",64,DDR5,2
359,4.2,33639.0,Intel Core i3 Processor,8 GB,Windows 11,"('256 GB SSD',)",64,DDR4,1
360,4.3,119990.0,Intel Core i9 Processor,16 GB,Windows 11,"('1 TB SSD',)",64,DDR4,2
361,4.2,211990.0,AMD Ryzen 9 Octa Core Processor,16 GB,Windows 11,"('1 TB SSD',)",64,DDR5,2
362,4.2,104990.0,AMD Ryzen 7 Octa Core Processor,16 GB,Windows 11,"('1 TB SSD',)",64,LPDDR4X,2
363,4.2,25490.0,Intel Celeron Dual Core Processor,4 GB,Windows 11,"('512 GB SSD',)",64,LPDDR4,3
364,4.2,301818.0,Intel Core i9 Processor,32 GB,Windows 11,"('1 TB SSD',)",64,DDR5,4
365,4.2,33639.0,Intel Core i3 Processor,8 GB,Windows 11,"('256 GB SSD',)",64,DDR4,1
366,4.3,96999.0,Intel Core i5 Processor,16 GB,Windows 10,"('512 GB SSD',)",64,DDR4,7
367,3.8,19100.0,Intel Core i5 Processor,4 GB,Chrome,"('512 GB SSD',)",32,DDR4,6
368,3.6,18990.0,Intel Celeron Dual Core Processor,4 GB,Chrome,"('512 GB SSD',)",64,LPDDR4,6
369,4.2,56200.0,AMD Ryzen 5 Hexa Core Processor,8 GB,Windows 11,"('512 GB SSD',)",64,DDR4,5
370,3.0,38490.0,Intel Core i3 Processor,8 GB,Windows 11,"('1 TB HDD', '256 GB SSD')",64,DDR4,6
371,3.8,22490.0,Intel Core i5 Processor,4 GB,Windows 11,"('512 GB SSD',)",64,LPDDR4X,6
372,4.5,60990.0,Intel Core i5 Processor,8 GB,Windows 11,"('512 GB SSD',)",64,DDR4,5
373,5.0,55990.0,AMD Ryzen 7 Octa Core Processor,8 GB,Windows 10,"('512 GB SSD',)",64,DDR4,5
374,4.2,149990.0,Intel Core i7 Processor,8 GB,Windows 11,"('1 TB SSD',)",64,DDR5,5
375,4.3,36158.0,Intel Core i3 Processor,8 GB,Windows 11,"('512 GB SSD',)",64,DDR4,5
376,4.5,71990.0,Intel Core i7 Processor,8 GB,Windows 10,"('512 GB SSD',)",64,DDR4,5
377,4.1,42907.0,Intel Core i3 Processor,8 GB,Windows 10,"('256 GB SSD',)",64,DDR4,1
378,4.5,45990.0,Intel Core i3 Processor,8 GB,Windows 11,"('512 GB SSD',)",64,DDR4,5
379,4.5,37990.0,Intel Core i3 Processor,8 GB,Windows 11,"('512 GB SSD',)",64,DDR4,5
380,4.1,84990.0,Intel Core i7 Processor,16 GB,Windows 11,"('512 GB SSD',)",64,DDR4,7
381,4.0,118990.0,Intel Core i7 Processor,16 GB,Windows 11,"('512 GB SSD',)",64,DDR4,7
382,4.2,98990.0,AMD Ryzen 7 Octa Core Processor,16 GB,Windows 10,"('512 GB SSD',)",64,DDR4,7
383,4.2,50990.0,AMD Ryzen 5 Hexa Core Processor,16 GB,Windows 11,"('512 GB SSD',)",64,DDR4,7
384,4.2,94990.0,AMD Ryzen 5 Hexa Core Processor,16 GB,Windows 11,"('1 TB SSD',)",64,LPDDR4X,2
385,4.2,157990.0,AMD Ryzen 7 Octa Core Processor,16 GB,Windows 11,"('1 TB SSD',)",64,DDR5,2
386,3.9,41890.0,AMD Ryzen 3 Quad Core Processor,8 GB,Windows 11,"('512 GB SSD',)",64,DDR4,5
387,4.2,25490.0,Intel Celeron Dual Core Processor,4 GB,Windows 11,"('512 GB SSD',)",64,LPDDR4,3
388,4.4,56990.0,AMD Ryzen 5 Quad Core Processor,8 GB,Windows 10,"('512 GB SSD',)",64,DDR4,5
389,4.4,104990.0,AMD Ryzen 9 Octa Core Processor,16 GB,Windows 11,"('512 GB SSD',)",64,DDR4,7
390,3.9,42590.0,Intel Core i3 Processor,8 GB,Windows 11,"('512 GB SSD',)",64,DDR4,1
391,4.2,58400.0,Intel Core i5 Processor,8 GB,Windows 11,"('512 GB SSD',)",64,DDR4,5
392,4.7,66990.0,AMD Ryzen 5 Hexa Core Processor,8 GB,Windows 10,"('512 GB SSD',)",64,DDR4,5
393,4.2,106199.0,AMD Ryzen 7 Octa Core Processor,16 GB,Windows 11,"('512 GB SSD',)",64,DDR5,2
394,4.2,58590.0,Intel Core i5 Processor,8 GB,Windows 11,"('512 GB SSD',)",64,DDR4,5
395,4.3,53990.0,Intel Core i5 Processor,8 GB,Windows 11,"('512 GB SSD',)",64,DDR4,5
396,4.0,118990.0,Intel Core i7 Processor,16 GB,Windows 11,"('512 GB SSD',)",64,DDR4,7
397,4.5,102490.0,Intel Core i5 Processor,16 GB,Windows 11,"('512 GB SSD',)",64,DDR5,0
398,4.2,98990.0,AMD Ryzen 7 Octa Core Processor,16 GB,Windows 10,"('512 GB SSD',)",64,DDR4,7
399,4.2,60990.0,Intel Core i5 Processor,16 GB,Windows 11,"('512 GB SSD',)",64,DDR4,7
400,4.2,57990.0,Intel Core i5 Processor,8 GB,Windows 11,"('512 GB SSD',)",64,DDR4,5
401,4.4,89890.0,Intel Core i5 Processor,16 GB,Windows 10,"('512 GB SSD',)",64,DDR4,7
402,4.8,219894.0,Intel Core i5 Processor,16 GB,Windows 11,"('1 TB SSD',)",64,Unified Memory,0
403,3.8,22490.0,Intel Core i5 Processor,4 GB,Windows 11,"('512 GB SSD',)",64,LPDDR4X,6
404,4.8,85990.0,Intel Core i5 Processor,8 GB,Windows 11,"('1 TB SSD',)",64,DDR4,5
405,3.7,129490.0,Intel Core i7 Processor,16 GB,Windows 11,"('1 TB SSD',)",64,DDR4,2
406,4.2,65990.0,Intel Core i5 Processor,16 GB,Windows 11,"('512 GB SSD',)",64,DDR4,7
407,3.9,62990.0,Intel Core i5 Processor,16 GB,Windows 11,"('512 GB SSD',)",64,DDR4,7
408,4.6,112990.0,Intel Core i5 Processor,8 GB,Windows 11,"('512 GB SSD',)",64,DDR4,5
409,4.2,191990.0,Intel Core i9 Processor,16 GB,Windows 11,"('1 TB SSD',)",64,LPDDR5,2
410,4.5,35990.0,Intel Core i3 Processor,8 GB,Windows 11,"('256 GB SSD',)",64,DDR4,1
411,4.2,25490.0,Intel Celeron Dual Core Processor,4 GB,Windows 11,"('512 GB SSD',)",64,LPDDR4,3
412,4.2,246490.0,Intel Core i7 Processor,32 GB,Windows 11,"('1 TB SSD',)",64,DDR5,4
413,4.3,139990.0,Intel Core i5 Processor,8 GB,Windows 11,"('512 GB SSD',)",64,Unified Memory,5
414,4.2,43990.0,AMD Ryzen 5 Quad Core Processor,8 GB,Windows 11,"('512 GB SSD',)",64,DDR4,5
415,3.8,19100.0,Intel Core i5 Processor,4 GB,Chrome,"('512 GB SSD',)",32,DDR4,6
416,3.6,133499.0,AMD Ryzen 9 Octa Core Processor,16 GB,Windows 10,"('1 TB SSD',)",64,DDR4,2
417,4.2,59890.0,Intel Core i5 Processor,8 GB,Windows 11,"('1 TB HDD', '256 GB SSD')",64,DDR4,5
418,4.7,142399.0,AMD Ryzen 7 Octa Core Processor,16 GB,Windows 10,"('1 TB SSD',)",64,DDR4,0
419,3.8,22490.0,Intel Core i5 Processor,4 GB,Windows 11,"('512 GB SSD',)",64,LPDDR4X,6
420,4.5,104890.0,Intel Core i5 Processor,16 GB,Windows 11,"('512 GB SSD',)",64,DDR5,0
421,4.4,136800.0,Intel Core i7 Processor,16 GB,Windows 10,"('1 TB SSD',)",64,DDR4,2
422,3.3,43190.0,Intel Core i3 Processor,8 GB,Windows 11,"('512 GB SSD',)",64,DDR4,6
423,4.3,36158.0,Intel Core i3 Processor,8 GB,Windows 11,"('512 GB SSD',)",64,DDR4,5
424,4.2,62190.0,Intel Core i3 Processor,8 GB,Windows 11,"('256 GB SSD',)",64,DDR4,1
425,4.3,71090.0,Intel Core i5 Processor,16 GB,Windows 10,"('512 GB SSD',)",64,DDR4,7
426,4.1,202490.0,Intel Core i5 Processor,16 GB,Windows 10,"('1 TB SSD',)",64,DDR4,2
427,4.5,37990.0,Intel Core i3 Processor,8 GB,Windows 11,"('512 GB SSD',)",64,DDR4,5
428,4.8,54990.0,Intel Core i5 Processor,16 GB,Windows 11,"('512 GB SSD',)",64,DDR4,0
429,4.2,140131.0,Intel Core i7 Processor,16 GB,Windows 10,"('512 GB SSD',)",64,DDR4,7
430,4.2,199999.0,Intel Core i7 Processor,32 GB,Windows 11,"('1 TB SSD',)",64,DDR5,2
431,4.2,33639.0,Intel Core i3 Processor,8 GB,Windows 11,"('256 GB SSD',)",64,DDR4,1
432,4.2,96990.0,AMD Ryzen 7 Octa Core Processor,16 GB,Windows 11,"('1 TB SSD',)",64,DDR5,2
433,4.6,82990.0,Intel Core i5 Processor,16 GB,Windows 11,"('512 GB SSD',)",64,DDR5,0
434,4.3,64990.0,Intel Core i5 Processor,16 GB,Windows 11,"('1 TB HDD', '256 GB SSD')",64,DDR4,7
435,4.2,25490.0,Intel Celeron Dual Core Processor,4 GB,Windows 11,"('512 GB SSD',)",64,LPDDR4,3
436,4.2,49890.0,Intel Core i5 Processor,16 GB,Windows 11,"('512 GB SSD',)",64,DDR4,7
437,4.0,250000.0,Intel Core i5 Processor,16 GB,Windows 10,"('1 TB SSD',)",64,DDR4,4
438,3.7,40990.0,AMD Ryzen 3 Dual Core Processor,8 GB,Windows 11,"('512 GB SSD',)",64,DDR4,6
439,3.8,19100.0,Intel Core i5 Processor,4 GB,Chrome,"('512 GB SSD',)",32,DDR4,6
440,4.2,92890.0,Intel Core i7 Processor,16 GB,Windows 11,"('512 GB SSD',)",64,DDR4,7
441,4.2,93990.0,Intel Core i5 Processor,16 GB,Windows 11,"('512 GB SSD',)",64,DDR5,7
442,4.2,159990.0,AMD Ryzen 7 Octa Core Processor,16 GB,Windows 11,"('1 TB SSD',)",64,DDR5,2
443,3.8,22490.0,Intel Core i5 Processor,4 GB,Windows 11,"('512 GB SSD',)",64,LPDDR4X,6
444,4.2,249900.0,Intel Core i5 Processor,16 GB,Windows 11,"('1 TB SSD',)",64,Unified Memory,4
445,4.2,309900.0,Intel Core i5 Processor,32 GB,Windows 11,"('1 TB SSD',)",64,Unified Memory,4
446,4.2,304980.0,Intel Core i9 Processor,16 GB,Windows 11,"('1 TB SSD',)",64,LPDDR5,4
447,4.3,36158.0,Intel Core i3 Processor,8 GB,Windows 11,"('512 GB SSD',)",64,DDR4,5
448,4.2,154990.0,Intel Core i5 Processor,16 GB,Windows 11,"('512 GB SSD',)",64,DDR4,7
449,4.2,154490.0,AMD Ryzen 9 Octa Core Processor,32 GB,Windows 11,"('1 TB SSD',)",64,DDR5,2
450,4.0,56790.0,AMD Ryzen 5 Hexa Core Processor,8 GB,Windows 11,"('1 TB HDD', '256 GB SSD')",64,DDR4,1
451,4.5,37990.0,Intel Core i3 Processor,8 GB,Windows 11,"('512 GB SSD',)",64,DDR4,5
452,4.2,56990.0,Intel Core i5 Processor,8 GB,Windows 11,"('512 GB SSD',)",64,DDR4,5
453,4.2,269900.0,Intel Core i5 Processor,16 GB,Windows 11,"('1 TB SSD',)",64,Unified Memory,4
454,4.4,149990.0,Intel Core i5 Processor,8 GB,Windows 11,"('512 GB SSD',)",64,Unified Memory,5
455,4.2,33639.0,Intel Core i3 Processor,8 GB,Windows 11,"('256 GB SSD',)",64,DDR4,1
456,4.2,56990.0,Intel Core i5 Processor,8 GB,Windows 11,"('512 GB SSD',)",64,DDR4,5
457,4.2,72990.0,Intel Core i5 Processor,16 GB,Windows 11,"('512 GB SSD',)",64,DDR4,7
458,4.2,309900.0,Intel Core i5 Processor,32 GB,Windows 11,"('1 TB SSD',)",64,Unified Memory,4
459,4.2,25490.0,Intel Celeron Dual Core Processor,4 GB,Windows 11,"('512 GB SSD',)",64,LPDDR4,3
460,4.2,304980.0,Intel Core i9 Processor,16 GB,Windows 11,"('1 TB SSD',)",64,LPDDR5,4
461,4.2,43090.0,Intel Core i3 Processor,4 GB,Windows 11,"('1 TB HDD', '256 GB SSD')",64,DDR4,1
462,4.2,99990.0,AMD Ryzen 7 Octa Core Processor,16 GB,Windows 11,"('512 GB SSD',)",64,DDR4,7
463,4.2,58400.0,Intel Core i5 Processor,8 GB,Windows 11,"('512 GB SSD',)",64,DDR4,5
464,4.9,99990.0,AMD Ryzen 5 Hexa Core Processor,16 GB,Windows 11,"('512 GB SSD',)",64,LPDDR5,0
465,4.2,164990.0,Intel Core i7 Processor,16 GB,Windows 11,"('1 TB SSD',)",64,DDR5,2
466,4.3,44190.0,Intel Core i3 Processor,8 GB,Windows 11,"('256 GB SSD',)",64,DDR4,1
467,4.3,53990.0,Intel Core i5 Processor,8 GB,Windows 11,"('512 GB SSD',)",64,DDR4,5
468,4.2,59990.0,AMD Ryzen 5 Hexa Core Processor,16 GB,Windows 11,"('512 GB SSD',)",64,DDR4,7
469,4.2,269900.0,Intel Core i5 Processor,16 GB,Windows 11,"('1 TB SSD',)",64,Unified Memory,4
470,4.4,149990.0,Intel Core i5 Processor,8 GB,Windows 11,"('512 GB SSD',)",64,Unified Memory,5
471,4.3,36158.0,Intel Core i3 Processor,8 GB,Windows 11,"('512 GB SSD',)",64,DDR4,5
472,4.3,57990.0,AMD Ryzen 7 Octa Core Processor,8 GB,Windows 10,"('512 GB SSD',)",64,DDR4,5
473,4.5,115999.0,AMD Ryzen 9 Octa Core Processor,16 GB,Windows 11,"('512 GB SSD',)",64,DDR4,0
474,4.2,247990.0,AMD Ryzen 7 Octa Core Processor,16 GB,Windows 11,"('1 TB SSD',)",64,LPDDR5,4
475,4.2,60990.0,Intel Core i5 Processor,16 GB,Windows 11,"('512 GB SSD',)",64,DDR4,7
476,4.1,45490.0,Intel Core i5 Processor,8 GB,Windows 11,"('1 TB HDD', '256 GB SSD')",64,DDR4,1
477,4.6,99990.0,AMD Ryzen 9 Octa Core Processor,16 GB,Windows 11,"('512 GB SSD',)",64,DDR4,0
478,4.4,101990.0,Intel Core i7 Processor,16 GB,Windows 11,"('1 TB SSD',)",64,DDR5,2
479,3.8,22490.0,Intel Core i5 Processor,4 GB,Windows 11,"('512 GB SSD',)",64,LPDDR4X,6
480,5.0,99996.0,AMD Ryzen 7 Octa Core Processor,16 GB,Windows 11,"('1 TB SSD',)",64,DDR4,0
481,4.2,69490.0,Intel Core i5 Processor,8 GB,Windows 11,"('1 TB HDD', '256 GB SSD')",64,DDR4,5
482,4.2,72990.0,Intel Core i5 Processor,8 GB,Windows 11,"('512 GB SSD',)",64,DDR4,5
483,4.2,25490.0,Intel Celeron Dual Core Processor,4 GB,Windows 11,"('512 GB SSD',)",64,LPDDR4,3
484,4.2,189990.0,AMD Ryzen 7 Octa Core Processor,32 GB,Windows 11,"('1 TB SSD',)",64,DDR5,2
485,4.2,67990.0,Intel Core i5 Processor,16 GB,Windows 11,"('512 GB SSD',)",64,DDR4,7
486,4.2,399990.0,Intel Core i9 Processor,32 GB,Windows 11,"('4 TB SSD',)",64,DDR5,4
487,4.2,58400.0,Intel Core i5 Processor,8 GB,Windows 11,"('512 GB SSD',)",64,DDR4,5
488,4.5,52990.0,AMD Ryzen 5 Hexa Core Processor,8 GB,Windows 10,"('512 GB SSD',)",64,DDR4,5
489,4.2,57990.0,Intel Core i5 Processor,8 GB,Windows 10,"('512 GB SSD',)",64,DDR4,5
490,4.2,309900.0,Intel Core i5 Processor,32 GB,Windows 11,"('1 TB SSD',)",64,Unified Memory,4
491,4.3,53990.0,Intel Core i5 Processor,8 GB,Windows 11,"('512 GB SSD',)",64,DDR4,5
492,4.2,85990.0,Intel Core i5 Processor,16 GB,Windows 11,"('512 GB SSD',)",64,DDR4,7
493,4.2,180595.0,Intel Core i7 Processor,16 GB,Windows 11,"('1 TB SSD',)",64,LPDDR5,2
494,4.6,69990.0,Intel Core i5 Processor,16 GB,Windows 10,"('512 GB SSD',)",64,LPDDR4X,0
495,4.2,60990.0,Intel Core i5 Processor,16 GB,Windows 11,"('512 GB SSD',)",64,DDR4,7
496,4.8,69490.0,Intel Core i5 Processor,8 GB,Windows 11,"('512 GB SSD',)",64,DDR4,5
497,4.4,58990.0,AMD Ryzen 5 Hexa Core Processor,16 GB,Windows 11,"('512 GB SSD',)",64,DDR4,7
498,4.2,249900.0,Intel Core i5 Processor,16 GB,Windows 11,"('512 GB SSD',)",64,Unified Memory,4
499,3.8,22490.0,Intel Core i5 Processor,4 GB,Windows 11,"('512 GB SSD',)",64,LPDDR4X,6
500,4.2,164990.0,Intel Core i7 Processor,16 GB,Windows 11,"('1 TB SSD',)",64,DDR5,2
501,4.2,51990.0,Intel Core i5 Processor,8 GB,Windows 10,"('512 GB SSD',)",64,DDR4,5
502,4.2,47990.0,AMD Ryzen 3 Quad Core Processor,8 GB,Windows 11,"('512 GB SSD',)",64,LPDDR5,5
503,3.9,62990.0,Intel Core i5 Processor,16 GB,Windows 11,"('512 GB SSD',)",64,DDR4,7
504,4.2,107699.0,AMD Ryzen 7 Octa Core Processor,16 GB,Windows 11,"('512 GB SSD',)",64,DDR5,2
505,4.4,52990.0,Intel Core i5 Processor,8 GB,Windows 10,"('512 GB SSD',)",64,DDR4,5
506,3.6,109100.0,AMD Ryzen 7 Octa Core Processor,16 GB,Windows 11,"('512 GB SSD',)",64,DDR4,7
507,4.2,25490.0,Intel Celeron Dual Core Processor,4 GB,Windows 11,"('512 GB SSD',)",64,LPDDR4,3
508,4.0,130990.0,Intel Core i7 Processor,16 GB,Windows 11,"('512 GB SSD',)",64,LPDDR4X,2
509,4.3,30690.0,Intel Pentium Quad Core Processor,4 GB,Windows 10,"('256 GB SSD',)",64,DDR4,1
510,4.2,89990.0,AMD Ryzen 5 Hexa Core Processor,16 GB,Windows 11,"('512 GB SSD',)",64,LPDDR4X,7
511,4.2,58400.0,Intel Core i5 Processor,8 GB,Windows 11,"('512 GB SSD',)",64,DDR4,5
512,4.2,92290.0,AMD Ryzen 5 Hexa Core Processor,16 GB,Windows 11,"('512 GB SSD',)",64,LPDDR4X,7
513,4.1,103490.0,Intel Core i5 Processor,16 GB,Windows 11,"('512 GB SSD',)",64,DDR4,7
514,3.8,62990.0,Intel Core i5 Processor,8 GB,Windows 10,"('512 GB SSD',)",64,DDR4,6
515,4.3,53990.0,Intel Core i5 Processor,8 GB,Windows 11,"('512 GB SSD',)",64,DDR4,5
516,4.2,94990.0,Intel Core i7 Processor,16 GB,Windows 11,"('512 GB SSD',)",64,DDR5,2
517,4.0,42490.0,Intel Core i3 Processor,8 GB,Windows 11,"('512 GB SSD',)",64,DDR4,1
518,4.2,189990.0,AMD Ryzen 9 Octa Core Processor,16 GB,Windows 11,"('1 TB SSD',)",64,DDR5,2
519,4.2,60990.0,Intel Core i5 Processor,16 GB,Windows 11,"('512 GB SSD',)",64,DDR4,7
520,4.2,75100.0,AMD Ryzen 5 Hexa Core Processor,8 GB,Windows 10,"('1 TB HDD', '256 GB SSD')",64,DDR4,1
521,4.5,55990.0,AMD Ryzen 5 Hexa Core Processor,8 GB,Windows 10,"('512 GB SSD',)",64,LPDDR4X,5
522,4.3,45999.0,Intel Core i5 Processor,8 GB,Windows 11,"('1 TB HDD', '256 GB SSD')",64,DDR4,5
523,3.8,22490.0,Intel Core i5 Processor,4 GB,Windows 11,"('512 GB SSD',)",64,LPDDR4X,6
524,4.4,72990.0,Intel Core i7 Processor,16 GB,Windows 11,"('512 GB SSD',)",64,DDR4,7
525,4.2,109990.0,Intel Core i7 Processor,16 GB,Windows 11,"('512 GB SSD',)",64,LPDDR5,2
526,4.6,46990.0,AMD Ryzen 5 Hexa Core Processor,8 GB,Windows 11,"('512 GB SSD',)",64,DDR4,5
527,3.9,62990.0,Intel Core i5 Processor,16 GB,Windows 11,"('512 GB SSD',)",64,DDR4,7
528,4.2,167990.0,Intel Core i7 Processor,16 GB,Windows 11,"('512 GB SSD',)",64,DDR5,2
529,4.2,59990.0,AMD Ryzen 5 Hexa Core Processor,16 GB,Windows 11,"('512 GB SSD',)",64,DDR4,7
530,4.5,85990.0,AMD Ryzen 7 Octa Core Processor,16 GB,Windows 11,"('512 GB SSD',)",64,DDR4,0
531,4.2,25490.0,Intel Celeron Dual Core Processor,4 GB,Windows 11,"('512 GB SSD',)",64,LPDDR4,3
532,4.2,74990.0,AMD Ryzen 5 Dual Core Processor,16 GB,Windows 11,"('512 GB SSD',)",64,DDR4,7
533,4.2,48990.0,Intel Core i3 Processor,8 GB,Windows 11,"('512 GB SSD',)",64,DDR4,5
534,4.3,83192.0,Intel Core i5 Processor,16 GB,Windows 11,"('512 GB SSD',)",64,DDR4,7
535,3.8,19100.0,Intel Core i5 Processor,4 GB,Chrome,"('512 GB SSD',)",32,DDR4,6
536,4.5,180990.0,Intel Core i5 Processor,16 GB,Windows 10,"('1 TB SSD',)",64,DDR4,0
537,3.8,56990.0,Intel Core i5 Processor,8 GB,Windows 11,"('512 GB SSD',)",64,DDR4,6
538,4.4,43490.0,Intel Core i5 Processor,8 GB,Windows 11,"('512 GB SSD',)",64,DDR4,5
539,3.8,22490.0,Intel Core i5 Processor,4 GB,Windows 11,"('512 GB SSD',)",64,LPDDR4X,6
540,4.0,157990.0,AMD Ryzen 7 Octa Core Processor,16 GB,Windows 11,"('1 TB SSD',)",64,DDR5,2
541,4.2,31990.0,Intel Core i3 Processor,8 GB,Windows 11,"('256 GB SSD',)",64,LPDDR4X,1
542,4.2,95990.0,AMD Ryzen 5 Hexa Core Processor,16 GB,Windows 11,"('512 GB SSD',)",64,DDR4,7
543,4.3,36158.0,Intel Core i3 Processor,8 GB,Windows 11,"('512 GB SSD',)",64,DDR4,5
544,4.2,59990.0,AMD Ryzen 5 Hexa Core Processor,8 GB,Windows 11,"('1 TB SSD',)",64,DDR4,1
545,5.0,99990.0,Intel Core i5 Processor,16 GB,Windows 11,"('512 GB SSD',)",64,DDR5,0
546,4.2,104090.0,AMD Ryzen 7 Octa Core Processor,16 GB,Windows 11,"('512 GB SSD',)",64,DDR5,2
547,4.5,37990.0,Intel Core i3 Processor,8 GB,Windows 11,"('512 GB SSD',)",64,DDR4,5
548,4.1,25990.0,Intel Celeron Dual Core Processor,4 GB,Windows 11,"('512 GB SSD',)",64,LPDDR4,3
549,4.2,109990.0,Intel Core i5 Processor,16 GB,Windows 11,"('512 GB SSD',)",64,LPDDR5,7
550,4.5,72990.0,AMD Ryzen 7 Octa Core Processor,16 GB,Windows 11,"('512 GB SSD',)",64,DDR4,0
551,4.2,33639.0,Intel Core i3 Processor,8 GB,Windows 11,"('256 GB SSD',)",64,DDR4,1
552,4.2,47990.0,AMD Ryzen 3 Quad Core Processor,8 GB,Windows 11,"('512 GB SSD',)",64,LPDDR5,5
553,4.2,44490.0,Intel Core i3 Processor,8 GB,Windows 11,"('512 GB SSD',)",64,DDR4,5
554,4.2,56990.0,Intel Core i5 Processor,8 GB,Windows 11,"('512 GB SSD',)",64,DDR4,5
555,4.2,25490.0,Intel Celeron Dual Core Processor,4 GB,Windows 11,"('512 GB SSD',)",64,LPDDR4,3
556,4.5,96990.0,Intel Core i7 Processor,16 GB,Windows 10,"('1 TB HDD', '256 GB SSD')",64,DDR4,0
557,4.2,75476.0,AMD Ryzen 5 Hexa Core Processor,16 GB,Windows 11,"('512 GB SSD',)",64,DDR4,7
558,4.2,39990.0,Intel Core i3 Processor,8 GB,Windows 11,"('256 GB SSD',)",64,DDR4,1
559,4.2,58400.0,Intel Core i5 Processor,8 GB,Windows 11,"('512 GB SSD',)",64,DDR4,5
560,4.2,62990.0,AMD Ryzen 5 Hexa Core Processor,8 GB,Windows 11,"('512 GB SSD',)",64,LPDDR4X,5
561,4.6,72490.0,Intel Core i5 Processor,8 GB,Windows 10,"('512 GB SSD',)",64,DDR4,5
562,4.2,79990.0,AMD Ryzen 5 Hexa Core Processor,8 GB,Windows 11,"('512 GB SSD',)",64,DDR5,5
563,4.3,53990.0,Intel Core i5 Processor,8 GB,Windows 11,"('512 GB SSD',)",64,DDR4,5
564,4.2,95990.0,AMD Ryzen 5 Hexa Core Processor,16 GB,Windows 11,"('512 GB SSD',)",64,DDR4,7
565,4.1,84990.0,Intel Core i7 Processor,16 GB,Windows 11,"('512 GB SSD',)",64,DDR4,7
566,4.1,25990.0,Intel Celeron Dual Core Processor,4 GB,Windows 11,"('512 GB SSD',)",64,LPDDR4,3
567,4.3,36158.0,Intel Core i3 Processor,8 GB,Windows 11,"('512 GB SSD',)",64,DDR4,5
568,4.2,109990.0,Intel Core i5 Processor,16 GB,Windows 11,"('512 GB SSD',)",64,LPDDR5,7
569,4.0,44490.0,Intel Core i3 Processor,4 GB,Windows 10,"('256 GB SSD',)",64,DDR4,1
570,4.2,192990.0,Intel Core i7 Processor,32 GB,Windows 11,"('1 TB SSD',)",64,DDR4,2
571,4.2,60990.0,Intel Core i5 Processor,16 GB,Windows 11,"('512 GB SSD',)",64,DDR4,7
572,4.2,51890.0,Intel Core i5 Processor,8 GB,Windows 11,"('512 GB SSD',)",64,DDR4,5
573,4.2,32990.0,Intel Core i3 Processor,8 GB,Windows 11,"('512 GB SSD',)",64,LPDDR4X,5
574,4.2,116640.0,Intel Core i5 Processor,16 GB,Windows 10,"('128 GB SSD', '1 TB HDD', '128 GB SSD')",64,DDR4,7
575,3.8,22490.0,Intel Core i5 Processor,4 GB,Windows 11,"('512 GB SSD',)",64,LPDDR4X,6
576,4.2,89990.0,AMD Ryzen 7 Hexa Core Processor,8 GB,Windows 11,"('512 GB SSD',)",64,DDR5,5
577,4.2,147990.0,AMD Ryzen 7 Octa Core Processor,16 GB,Windows 11,"('1 TB SSD',)",64,LPDDR5,2
578,4.2,59990.0,AMD Ryzen 5 Quad Core Processor,8 GB,Windows 11,"('512 GB SSD',)",64,LPDDR5,5
579,4.2,25490.0,Intel Celeron Dual Core Processor,4 GB,Windows 11,"('512 GB SSD',)",64,LPDDR4,3
580,4.2,79990.0,AMD Ryzen 5 Hexa Core Processor,8 GB,Windows 11,"('512 GB SSD',)",64,DDR4,5
581,3.8,103490.0,Intel Core i5 Processor,16 GB,Windows 11,"('512 GB SSD',)",64,DDR4,7
582,4.3,32990.0,Intel Core i3 Processor,8 GB,Windows 11,"('512 GB SSD',)",64,LPDDR4X,5
583,3.8,19100.0,Intel Core i5 Processor,4 GB,Chrome,"('512 GB SSD',)",32,DDR4,6
584,4.8,69490.0,Intel Core i5 Processor,8 GB,Windows 11,"('512 GB SSD',)",64,DDR4,5
585,4.0,75990.0,Intel Core i5 Processor,16 GB,Windows 11,"('512 GB SSD',)",64,DDR4,7
586,4.2,234990.0,Intel Core i7 Processor,32 GB,Windows 10,"('1 TB SSD',)",64,DDR4,4
587,3.8,22490.0,Intel Core i5 Processor,4 GB,Windows 11,"('512 GB SSD',)",64,LPDDR4X,6
588,4.0,20990.0,Intel Celeron Dual Core Processor,4 GB,Windows 11,"('512 GB SSD',)",64,LPDDR4,3
589,4.5,61990.0,AMD Ryzen 5 Dual Core Processor,8 GB,Windows 11,"('512 GB SSD',)",64,DDR4,5
590,4.3,44490.0,Intel Core i3 Processor,8 GB,Windows 11,"('512 GB SSD',)",64,DDR4,5
591,4.3,36158.0,Intel Core i3 Processor,8 GB,Windows 11,"('512 GB SSD',)",64,DDR4,5
592,4.6,63990.0,AMD Ryzen 7 Octa Core Processor,16 GB,Windows 11,"('512 GB SSD',)",64,DDR4,0
593,4.3,62990.0,Intel Core i5 Processor,8 GB,Windows 10,"('512 GB SSD',)",64,DDR4,5
594,4.2,73890.0,AMD Ryzen 7 Octa Core Processor,16 GB,Windows 11,"('512 GB SSD',)",64,DDR4,7
595,4.2,33639.0,Intel Core i3 Processor,8 GB,Windows 11,"('256 GB SSD',)",64,DDR4,1
596,4.0,130990.0,Intel Core i7 Processor,16 GB,Windows 11,"('512 GB SSD',)",64,LPDDR4X,2
597,4.2,84990.0,Intel Core i5 Processor,16 GB,Windows 11,"('512 GB SSD',)",64,LPDDR4X,7
598,4.2,45399.0,Intel Core i3 Processor,8 GB,Windows 11,"('512 GB SSD',)",64,DDR4,5
599,4.2,65990.0,Intel Core i5 Processor,16 GB,Windows 11,"('512 GB SSD',)",64,DDR4,7
600,4.2,61290.0,Intel Core i5 Processor,16 GB,Windows 11,"('512 GB SSD',)",64,DDR4,7
601,4.2,59990.0,AMD Ryzen 5 Quad Core Processor,8 GB,Windows 11,"('512 GB SSD',)",64,LPDDR5,5
602,4.2,52990.0,AMD Ryzen 5 Quad Core Processor,8 GB,Windows 11,"('512 GB SSD',)",64,LPDDR5,5
603,4.2,25490.0,Intel Celeron Dual Core Processor,4 GB,Windows 11,"('512 GB SSD',)",64,LPDDR4,3
604,4.2,34000.0,Intel Core i3 Processor,8 GB,Windows 11,"('256 GB SSD',)",64,DDR4,1
605,4.5,129999.0,Intel Core i5 Processor,8 GB,Windows 10,"('128 GB SSD', '1 TB HDD', '128 GB SSD')",64,DDR4,5
606,4.3,42490.0,Intel Core i3 Processor,8 GB,Windows 10,"('512 GB SSD',)",64,DDR4,5
607,3.8,19100.0,Intel Core i5 Processor,4 GB,Chrome,"('512 GB SSD',)",32,DDR4,6
608,4.4,42690.0,Intel Core i3 Processor,8 GB,Windows 11,"('256 GB SSD',)",64,DDR4,1
609,4.2,71857.0,Intel Core i5 Processor,8 GB,Windows 11,"('512 GB SSD',)",64,DDR4,5
610,4.2,166399.0,Intel Core i7 Processor,16 GB,Windows 11,"('1 TB SSD',)",64,DDR5,2
611,3.8,22490.0,Intel Core i5 Processor,4 GB,Windows 11,"('512 GB SSD',)",64,LPDDR4X,6
612,4.2,87490.0,Intel Core i5 Processor,8 GB,Windows 10,"('1 TB HDD', '128 GB SSD')",64,DDR4,5
613,4.2,61255.0,Intel Core i5 Processor,8 GB,Windows 11,"('512 GB SSD',)",64,DDR4,5
614,4.4,55600.0,Intel Core i5 Processor,8 GB,Windows 10,"('512 GB SSD',)",64,DDR4,5
615,4.3,36158.0,Intel Core i3 Processor,8 GB,Windows 11,"('512 GB SSD',)",64,DDR4,5
616,4.1,60130.0,Intel Core i5 Processor,8 GB,Windows 10,"('1 TB HDD', '256 GB SSD')",64,DDR4,1
617,4.2,89976.0,AMD Ryzen 7 Octa Core Processor,16 GB,Windows 11,"('512 GB SSD',)",64,DDR4,7
618,4.2,28490.0,Intel Pentium Silver Processor,8 GB,Windows 11,"('256 GB SSD',)",64,DDR4,1
619,4.5,37990.0,Intel Core i3 Processor,8 GB,Windows 11,"('512 GB SSD',)",64,DDR4,5
620,3.5,40990.0,Intel Core i3 Processor,8 GB,Windows 11,"('1 TB HDD', '256 GB SSD')",64,DDR4,6
621,4.2,162490.0,Intel Core i5 Processor,8 GB,Windows 11,"('512 GB SSD',)",64,DDR3,5
622,4.2,115999.0,Intel Core i7 Processor,16 GB,Windows 11,"('1 TB SSD',)",64,LPDDR5,2
623,4.2,33639.0,Intel Core i3 Processor,8 GB,Windows 11,"('256 GB SSD',)",64,DDR4,1
624,4.5,59990.0,Intel Core i5 Processor,8 GB,Windows 10,"('512 GB SSD',)",64,DDR4,5
625,4.3,55990.0,Intel Core i5 Processor,8 GB,Windows 11,"('512 GB SSD',)",64,DDR4,5
626,4.4,71990.0,Intel Core i5 Processor,16 GB,Windows 10,"('512 GB SSD',)",64,DDR4,7
627,4.2,25490.0,Intel Celeron Dual Core Processor,4 GB,Windows 11,"('512 GB SSD',)",64,LPDDR4,3
628,4.2,62490.0,Intel Core i5 Processor,8 GB,Windows 11,"('512 GB SSD',)",64,DDR4,5
629,3.5,16100.0,Intel Celeron Dual Core Processor,4 GB,Windows 11,"('512 GB SSD',)",64,LPDDR4,6
630,4.2,94990.0,Intel Core i5 Processor,16 GB,Windows 11,"('512 GB SSD',)",64,LPDDR4X,7
631,3.8,19100.0,Intel Core i5 Processor,4 GB,Chrome,"('512 GB SSD',)",32,DDR4,6
632,4.2,66990.0,AMD Ryzen 5 Hexa Core Processor,16 GB,Windows 11,"('1 TB SSD',)",64,DDR4,7
633,4.1,38990.0,Intel Core i5 Processor,16 GB,Windows 11,"('512 GB SSD',)",64,LPDDR4X,7
634,4.4,76990.0,AMD Ryzen 7 Octa Core Processor,8 GB,Windows 10,"('512 GB SSD',)",64,DDR4,5
635,3.8,22490.0,Intel Core i5 Processor,4 GB,Windows 11,"('512 GB SSD',)",64,LPDDR4X,6
636,4.2,147990.0,Intel Core i7 Processor,16 GB,Windows 11,"('1 TB SSD',)",64,LPDDR5,2
637,4.2,55490.0,AMD Ryzen 5 Hexa Core Processor,8 GB,Windows 11,"('512 GB SSD',)",64,DDR4,5
638,4.0,45690.0,Intel Core i3 Processor,8 GB,Windows 11,"('512 GB SSD',)",64,DDR4,1
639,4.3,36158.0,Intel Core i3 Processor,8 GB,Windows 11,"('512 GB SSD',)",64,DDR4,5
640,5.0,35890.0,Intel Core i3 Processor,8 GB,Windows 11,"('256 GB SSD',)",64,DDR4,5
641,4.3,66990.0,Intel Core i7 Processor,8 GB,Windows 10,"('512 GB SSD',)",64,LPDDR3,5
642,4.5,76990.0,AMD Ryzen 7 Octa Core Processor,8 GB,Windows 11,"('512 GB SSD',)",64,DDR4,5
643,4.2,33639.0,Intel Core i3 Processor,8 GB,Windows 11,"('256 GB SSD',)",64,DDR4,1
644,4.1,21990.0,Intel Celeron Quad Core Processor,4 GB,Windows 11,"('128 GB SSD',)",64,LPDDR4X,1
645,4.1,57490.0,Intel Core i5 Processor,16 GB,Windows 11,"('512 GB SSD',)",64,DDR4,7
646,4.3,37490.0,Intel Core i3 Processor,4 GB,Windows 10,"('512 GB SSD',)",64,DDR4,5
647,4.2,65990.0,Intel Core i5 Processor,16 GB,Windows 11,"('512 GB SSD',)",64,DDR4,7
648,4.4,45990.0,Intel Core i3 Processor,4 GB,Windows 10,"('512 GB SSD',)",64,DDR4,5
649,4.1,59990.0,Intel Core i5 Processor,16 GB,Windows 11,"('512 GB SSD',)",64,DDR4,7
650,4.1,42490.0,Intel Core i3 Processor,4 GB,Windows 11,"('1 TB HDD', '256 GB SSD')",64,DDR4,1
651,4.2,25490.0,Intel Celeron Dual Core Processor,4 GB,Windows 11,"('512 GB SSD',)",64,LPDDR4,3
652,4.4,71990.0,Intel Core i5 Processor,8 GB,Windows 11,"('512 GB SSD',)",64,DDR4,5
653,3.9,42690.0,AMD Ryzen 5 Quad Core Processor,8 GB,Windows 10,"('256 GB SSD',)",64,DDR4,1
654,3.7,104990.0,Intel Core i5 Processor,16 GB,Windows 11,"('512 GB SSD',)",64,LPDDR5,7
655,3.8,19100.0,Intel Core i5 Processor,4 GB,Chrome,"('512 GB SSD',)",32,DDR4,6
656,4.2,84990.0,AMD Ryzen 5 Hexa Core Processor,8 GB,Windows 11,"('1 TB SSD',)",64,DDR5,5
657,4.3,32990.0,Intel Core i3 Processor,8 GB,Windows 11,"('512 GB SSD',)",64,LPDDR4X,5
658,4.1,37990.0,Intel Core i5 Processor,8 GB,Windows 11,"('512 GB SSD',)",64,LPDDR4X,5
659,3.8,22490.0,Intel Core i5 Processor,4 GB,Windows 11,"('512 GB SSD',)",64,LPDDR4X,6
660,4.2,45990.0,Intel Core i3 Processor,8 GB,Windows 11,"('512 GB SSD',)",64,DDR4,5
661,4.3,31490.0,Intel Core i3 Processor,4 GB,Windows 10,"('256 GB SSD',)",64,DDR4,1
662,4.2,36990.0,Intel Core i3 Processor,8 GB,Windows 11,"('512 GB SSD',)",64,DDR4,5
663,4.3,36158.0,Intel Core i3 Processor,8 GB,Windows 11,"('512 GB SSD',)",64,DDR4,5
664,4.1,22490.0,Intel Celeron Dual Core Processor,4 GB,Windows 11,"('128 GB SSD',)",64,DDR4,1
665,4.0,42990.0,AMD Ryzen 3 Dual Core Processor,8 GB,Windows 11,"('512 GB SSD',)",64,DDR4,5
666,3.7,60990.0,Intel Core i5 Processor,8 GB,Windows 11,"('1 TB HDD', '256 GB SSD')",64,DDR4,6
667,4.2,33639.0,Intel Core i3 Processor,8 GB,Windows 11,"('256 GB SSD',)",64,DDR4,1
668,4.2,89490.0,Intel Core i5 Processor,8 GB,Windows 11,"('512 GB SSD',)",64,DDR4,5
669,4.2,62250.0,Intel Core i5 Processor,8 GB,Windows 11,"('1 TB SSD',)",64,DDR4,5
670,3.9,104400.0,AMD Ryzen 7 Octa Core Processor,16 GB,Windows 11,"('1 TB SSD',)",64,DDR4,2
671,4.2,65990.0,Intel Core i5 Processor,16 GB,Windows 11,"('512 GB SSD',)",64,DDR4,7
672,3.6,31490.0,AMD Ryzen 3 Dual Core Processor,4 GB,Windows 10,"('1 TB HDD',)",64,DDR4,6
673,4.1,73799.0,Intel Core i5 Processor,8 GB,Windows 11,"('512 GB SSD',)",64,DDR4,5
674,4.2,138999.0,AMD Ryzen 7 Octa Core Processor,16 GB,Windows 11,"('1 TB SSD',)",64,LPDDR5,2
675,4.2,25490.0,Intel Celeron Dual Core Processor,4 GB,Windows 11,"('512 GB SSD',)",64,LPDDR4,3
676,4.4,114990.0,Intel Core i7 Processor,16 GB,Windows 11,"('1 TB SSD',)",64,DDR4,2
677,4.2,42999.0,Intel Core i3 Processor,8 GB,Windows 11,"('512 GB SSD',)",64,DDR4,5
678,4.3,35990.0,Intel Core i3 Processor,4 GB,Windows 10,"('256 GB SSD',)",64,DDR4,1
679,4.2,58400.0,Intel Core i5 Processor,8 GB,Windows 11,"('512 GB SSD',)",64,DDR4,5
680,3.7,37990.0,Intel Core i3 Processor,8 GB,DOS,"('256 GB SSD',)",64,DDR4,1
681,4.2,74990.0,Intel Core i5 Processor,8 GB,Windows 11,"('512 GB SSD',)",64,LPDDR4X,5
682,4.2,70430.0,Intel Core i5 Processor,8 GB,Windows 11,"('512 GB SSD',)",64,DDR4,5
683,4.3,53990.0,Intel Core i5 Processor,8 GB,Windows 11,"('512 GB SSD',)",64,DDR4,5
684,4.2,28790.0,AMD Ryzen 3 Dual Core Processor,8 GB,Windows 11,"('512 GB SSD',)",64,DDR4,5
685,4.3,39490.0,Intel Core i3 Processor,8 GB,Windows 10,"('256 GB SSD',)",64,DDR4,1
686,4.7,89990.0,Intel Core i7 Processor,16 GB,Windows 10,"('1 TB SSD',)",64,LPDDR4X,0
687,4.2,60990.0,Intel Core i5 Processor,16 GB,Windows 11,"('512 GB SSD',)",64,DDR4,7
688,4.3,82490.0,Intel Core i7 Processor,8 GB,Windows 10,"('1 TB HDD', '256 GB SSD')",64,DDR4,5
689,4.5,58990.0,AMD Ryzen 5 Hexa Core Processor,8 GB,Windows 10,"('512 GB SSD',)",64,DDR4,5
690,4.2,89509.0,AMD Ryzen 7 Dual Core Processor,16 GB,Windows 11,"('512 GB SSD',)",64,DDR5,7
691,3.8,22490.0,Intel Core i5 Processor,4 GB,Windows 11,"('512 GB SSD',)",64,LPDDR4X,6
692,4.2,39990.0,Intel Core i5 Processor,8 GB,Windows 11,"('512 GB SSD',)",64,LPDDR4X,5
693,4.4,55490.0,Intel Core i5 Processor,8 GB,Windows 10,"('512 GB SSD',)",64,DDR4,5
694,4.0,25990.0,Intel Celeron Dual Core Processor,4 GB,Windows 11,"('512 GB SSD',)",64,LPDDR4,3
695,3.9,62990.0,Intel Core i5 Processor,16 GB,Windows 11,"('512 GB SSD',)",64,DDR4,7
696,4.1,73799.0,Intel Core i5 Processor,8 GB,Windows 11,"('512 GB SSD',)",64,DDR4,5
697,4.2,39990.0,Intel Core i3 Processor,8 GB,Windows 11,"('512 GB SSD',)",64,DDR4,5
698,4.0,25990.0,Intel Celeron Dual Core Processor,4 GB,Windows 11,"('512 GB SSD',)",64,LPDDR4,3
699,4.2,25490.0,Intel Celeron Dual Core Processor,4 GB,Windows 11,"('512 GB SSD',)",64,LPDDR4,3
700,4.5,58490.0,AMD Ryzen 5 Hexa Core Processor,8 GB,Windows 10,"('1 TB HDD', '256 GB SSD')",64,DDR4,5
701,4.2,48990.0,Intel Core i3 Processor,8 GB,Windows 10,"('512 GB SSD',)",64,DDR4,5
702,4.5,87990.0,AMD Ryzen 7 Octa Core Processor,8 GB,Windows 11,"('512 GB SSD',)",64,DDR4,5
703,3.8,19100.0,Intel Core i5 Processor,4 GB,Chrome,"('512 GB SSD',)",32,DDR4,6
704,4.2,171990.0,AMD Ryzen 7 Octa Core Processor,16 GB,Windows 11,"('1 TB SSD',)",64,DDR5,2
705,3.7,97500.0,Intel Core i5 Processor,16 GB,Windows 10,"('512 GB SSD',)",64,DDR4,7
706,4.3,69490.0,Intel Core i5 Processor,8 GB,Windows 10,"('512 GB SSD',)",64,DDR4,5
707,3.8,22490.0,Intel Core i5 Processor,4 GB,Windows 11,"('512 GB SSD',)",64,LPDDR4X,6
708,4.2,72990.0,Intel Core i5 Processor,16 GB,Windows 11,"('512 GB SSD',)",64,DDR4,7
709,4.4,37990.0,AMD Ryzen 3 Dual Core Processor,8 GB,Windows 10,"('256 GB SSD',)",64,DDR4,1
710,4.2,189990.0,Intel Core i7 Processor,32 GB,Windows 11,"('1 TB SSD',)",64,LPDDR5,2
711,4.3,36158.0,Intel Core i3 Processor,8 GB,Windows 11,"('512 GB SSD',)",64,DDR4,5
712,4.5,24500.0,Intel Pentium Quad Core Processor,4 GB,Windows 11,"('256 GB SSD',)",64,DDR4,1
713,4.2,30990.0,Intel Core i3 Processor,8 GB,Windows 11,"('256 GB SSD',)",64,DDR4,1
714,4.5,64490.0,Intel Core i5 Processor,8 GB,Windows 10,"('256 GB SSD',)",64,DDR3,5
715,4.2,33639.0,Intel Core i3 Processor,8 GB,Windows 11,"('256 GB SSD',)",64,DDR4,1
716,4.2,46990.0,AMD Ryzen 5 Quad Core Processor,8 GB,Windows 11,"('512 GB SSD',)",64,LPDDR5,5
717,4.6,102490.0,Intel Core i5 Processor,16 GB,Windows 10,"('512 GB SSD',)",64,DDR4,0
718,4.2,174990.0,Intel Core i7 Processor,16 GB,Windows 11,"('512 GB SSD',)",64,DDR5,2
719,4.2,65990.0,Intel Core i5 Processor,16 GB,Windows 11,"('512 GB SSD',)",64,DDR4,7
