,Rating,MRP,Processor,RAM,OS,Storage,Brand,OS_arch,RAM_Type
0,4.2,25490.0,Intel Celeron Dual Core Processor,4 GB,Windows 11,['512 GB SSD'],HP,64,LPDDR4
1,3.8,22490.0,Intel Core i5 Processor,4 GB,Windows 11,['512 GB SSD'],HP,64,LPDDR4X
2,4.1,25685.0,Intel Celeron Dual Core Processor,8 GB,Windows 11,['256 GB SSD'],Lenovo,64,DDR4
3,4.4,51990.0,Intel Core i5 Processor,8 GB,Windows 11,['512 GB SSD'],ASUS,64,DDR4
4,4.2,38990.0,Intel Core i3 Processor,8 GB,Windows 11,['512 GB SSD'],ASUS,64,DDR4
5,4.1,23990.0,Intel Celeron Dual Core Processor,4 GB,Windows 11,['256 GB SSD'],ASUS,64,DDR4
6,4.1,39990.0,Intel Core i5 Processor,8 GB,Windows 11,['512 GB SSD'],RedmiBook,64,DDR4
7,3.8,19100.0,Intel Core i5 Processor,4 GB,Chrome,['512 GB SSD'],HP,32,DDR4
8,4.3,33490.0,Intel Core i3 Processor,8 GB,Windows 11,['256 GB SSD'],Lenovo,64,DDR4
9,4.3,40990.0,Intel Core i3 Processor,8 GB,Windows 11,['512 GB SSD'],HP,64,DDR4
10,4.3,47990.0,Intel Core i5 Processor,8 GB,Windows 11,['512 GB SSD'],ASUS,64,DDR4
11,4.3,36158.0,Intel Core i3 Processor,8 GB,Windows 11,['512 GB SSD'],Lenovo,64,DDR4
12,4.7,84990.0,Intel Core i5 Processor,8 GB,Windows 11,['256 GB SSD'],APPLE,64,DDR4
13,4.4,51990.0,AMD Ryzen 5 Hexa Core Processor,8 GB,Windows 11,"['1 TB HDD', '256 GB SSD']",ASUS,64,DDR4
14,4.4,55990.0,AMD Ryzen 5 Hexa Core Processor,8 GB,Windows 11,['512 GB SSD'],Lenovo,64,DDR4
15,4.2,33639.0,Intel Core i3 Processor,8 GB,Windows 11,['256 GB SSD'],Lenovo,64,DDR4
16,4.3,36990.0,Intel Core i3 Processor,8 GB,Windows 11,['512 GB SSD'],HP,64,DDR4
17,4.5,83990.0,Intel Core i5 Processor,16 GB,Windows 11,['512 GB SSD'],ASUS,64,DDR5
18,4.3,50990.0,AMD Ryzen 5 Hexa Core Processor,16 GB,Windows 11,['512 GB SSD'],HP,64,DDR4
19,4.2,50990.0,AMD Ryzen 5 Hexa Core Processor,16 GB,Windows 11,['512 GB SSD'],MSI,64,DDR4
20,4.1,40990.0,Intel Core i5 Processor,8 GB,Windows 11,"['1 TB HDD', '256 GB SSD']",DELL,64,DDR4
21,4.3,53990.0,Intel Core i5 Processor,8 GB,Windows 11,['512 GB SSD'],HP,64,DDR4
22,4.4,42090.0,Intel Core i3 Processor,8 GB,Windows 11,['256 GB SSD'],ASUS,64,DDR4
23,4.2,65990.0,Intel Core i5 Processor,16 GB,Windows 11,['512 GB SSD'],MSI,64,DDR4
24,4.2,37990.0,AMD Ryzen 3 Quad Core Processor,8 GB,Windows 11,['512 GB SSD'],HP,64,DDR4
25,4.5,83990.0,Intel Core i5 Processor,16 GB,Windows 11,['512 GB SSD'],ASUS,64,DDR5
26,4.2,40990.0,Intel Core i3 Processor,8 GB,Windows 11,"['1 TB HDD', '256 GB SSD']",HP,64,DDR4
27,4.2,25490.0,Intel Celeron Dual Core Processor,4 GB,Windows 11,['512 GB SSD'],HP,64,LPDDR4
28,4.6,89990.0,Intel Core i9 Processor,32 GB,Windows 11,['1 TB SSD'],Infinix,64,LPDDR5
29,4.5,42490.0,Intel Core i3 Processor,8 GB,Windows 11,['512 GB SSD'],HP,64,DDR4
30,4.4,66990.0,Intel Core i5 Processor,16 GB,Windows 11,['512 GB SSD'],HP,64,DDR4
31,4.2,58400.0,Intel Core i5 Processor,8 GB,Windows 11,['512 GB SSD'],HP,64,DDR4
32,4.6,112990.0,Intel Core i5 Processor,8 GB,Windows 11,['256 GB SSD'],APPLE,64,Unified Memory
33,4.8,129990.0,Intel Core i5 Processor,8 GB,Windows 11,['512 GB SSD'],APPLE,64,Unified Memory
34,4.3,57990.0,Intel Core i5 Processor,8 GB,Windows 11,['512 GB SSD'],acer,64,DDR4
35,4.3,53990.0,Intel Core i5 Processor,8 GB,Windows 11,['512 GB SSD'],HP,64,DDR4
36,4.2,119990.0,Intel Core i7 Processor,16 GB,Windows 11,['1 TB SSD'],ASUS,64,LPDDR5
37,4.6,79990.0,Intel Core i5 Processor,16 GB,Windows 11,['512 GB SSD'],ASUS,64,LPDDR4X
38,4.3,89990.0,Intel Core i7 Processor,16 GB,Windows 11,['1 TB SSD'],HP,64,DDR4
39,4.2,60990.0,Intel Core i5 Processor,16 GB,Windows 11,['512 GB SSD'],HP,64,DDR4
40,4.2,56990.0,Intel Core i7 Processor,16 GB,Windows 11,['512 GB SSD'],ASUS,64,DDR4
41,5.0,134999.0,Intel Core i9 Processor,16 GB,Windows 11,['1 TB SSD'],acer,64,DDR4
42,4.2,170990.0,Intel Core i7 Processor,16 GB,Windows 11,['1 TB SSD'],MSI,64,DDR5
43,3.8,22490.0,Intel Core i5 Processor,4 GB,Windows 11,['512 GB SSD'],HP,64,LPDDR4X
44,4.2,50490.0,AMD Ryzen 5 Hexa Core Processor,8 GB,Windows 11,['512 GB SSD'],Lenovo,64,DDR4
45,4.2,219990.0,Intel Core i7 Processor,32 GB,Windows 11,['1 TB SSD'],MSI,64,DDR5
46,4.4,65114.0,Intel Core i5 Processor,8 GB,Windows 11,['512 GB SSD'],Lenovo,64,DDR4
47,3.9,62990.0,Intel Core i5 Processor,16 GB,Windows 11,['512 GB SSD'],HP,64,DDR4
48,4.0,16990.0,Intel Celeron Dual Core Processor,4 GB,Windows 11,['512 GB SSD'],ASUS,64,LPDDR4
49,4.0,82990.0,Intel Core i5 Processor,16 GB,Windows 11,['512 GB SSD'],HP,64,DDR4
50,4.2,40450.0,Intel Core i3 Processor,8 GB,Windows 11,['512 GB SSD'],HP,64,DDR4
51,4.2,25490.0,Intel Celeron Dual Core Processor,4 GB,Windows 11,['512 GB SSD'],HP,64,LPDDR4
52,4.2,37990.0,AMD Ryzen 3 Quad Core Processor,8 GB,Windows 11,['512 GB SSD'],HP,64,DDR4
53,4.2,47990.0,Intel Core i5 Processor,8 GB,Windows 11,['512 GB SSD'],ASUS,64,DDR4
54,4.3,45490.0,AMD Ryzen 5 Hexa Core Processor,8 GB,Windows 11,['512 GB SSD'],HP,64,DDR4
55,3.8,19100.0,Intel Core i5 Processor,4 GB,Chrome,['512 GB SSD'],HP,32,DDR4
56,4.4,57990.0,AMD Ryzen 7 Octa Core Processor,16 GB,Windows 11,['512 GB SSD'],ASUS,64,DDR4
57,4.0,42990.0,Intel Core i3 Processor,8 GB,Windows 11,['512 GB SSD'],ASUS,64,DDR4
58,4.3,43890.0,AMD Ryzen 5 Hexa Core Processor,8 GB,Windows 11,['512 GB SSD'],Lenovo,64,DDR4
59,3.8,22490.0,Intel Core i5 Processor,4 GB,Windows 11,['512 GB SSD'],HP,64,LPDDR4X
60,4.2,129990.0,AMD Ryzen 7 Octa Core Processor,16 GB,Windows 11,['1 TB SSD'],ASUS,64,DDR5
61,4.3,53990.0,Intel Core i5 Processor,8 GB,Windows 11,['512 GB SSD'],Lenovo,64,DDR4
62,4.6,84990.0,Intel Core i7 Processor,16 GB,Windows 11,['1 TB SSD'],HP,64,DDR4
63,4.3,36158.0,Intel Core i3 Processor,8 GB,Windows 11,['512 GB SSD'],Lenovo,64,DDR4
64,4.5,90990.0,AMD Ryzen 7 Octa Core Processor,16 GB,Windows 11,['1 TB SSD'],ASUS,64,DDR4
65,4.2,89990.0,Intel Core i7 Processor,16 GB,Windows 11,['512 GB SSD'],DELL,64,LPDDR4
66,4.4,59990.0,AMD Ryzen 7 Octa Core Processor,16 GB,Windows 11,['512 GB SSD'],ASUS,64,DDR4
67,4.5,37990.0,Intel Core i3 Processor,8 GB,Windows 11,['512 GB SSD'],MSI,64,DDR4
68,4.3,59490.0,AMD Ryzen 5 Hexa Core Processor,16 GB,Windows 11,['512 GB SSD'],HP,64,DDR4
69,4.7,104990.0,Intel Core i7 Processor,16 GB,Windows 11,['512 GB SSD'],MSI,64,DDR4
70,4.1,25990.0,Intel Pentium Silver Processor,4 GB,Windows 11,['256 GB SSD'],ASUS,64,DDR4
71,4.2,33639.0,Intel Core i3 Processor,8 GB,Windows 11,['256 GB SSD'],Lenovo,64,DDR4
72,4.2,299990.0,Intel Core i9 Processor,32 GB,Windows 11,['2 TB SSD'],MSI,64,DDR5
73,4.2,74990.0,AMD Ryzen 7 Octa Core Processor,8 GB,Windows 11,['512 GB SSD'],ASUS,64,DDR4
74,4.2,50990.0,Intel Core i5 Processor,8 GB,Windows 11,['512 GB SSD'],Lenovo,64,DDR4
75,4.2,25490.0,Intel Celeron Dual Core Processor,4 GB,Windows 11,['512 GB SSD'],HP,64,LPDDR4
76,4.2,42500.0,AMD Ryzen 3 Dual Core Processor,8 GB,Windows 11,"['1 TB HDD', '256 GB SSD']",DELL,64,DDR4
77,4.4,68928.0,AMD Ryzen 5 Hexa Core Processor,16 GB,Windows 11,['512 GB SSD'],Lenovo,64,DDR4
78,2.8,53990.0,AMD Ryzen 5 Hexa Core Processor,16 GB,Windows 10,['512 GB SSD'],ASUS,64,DDR4
79,4.2,58400.0,Intel Core i5 Processor,8 GB,Windows 11,['512 GB SSD'],HP,64,DDR4
80,4.2,47990.0,Intel Core i5 Processor,8 GB,Windows 11,['512 GB SSD'],ASUS,64,DDR4
81,4.6,79990.0,Intel Core i5 Processor,16 GB,Windows 11,['512 GB SSD'],HP,64,DDR4
82,4.1,53490.0,Intel Core i5 Processor,8 GB,Windows 11,['512 GB SSD'],DELL,64,DDR4
83,4.3,53990.0,Intel Core i5 Processor,8 GB,Windows 11,['512 GB SSD'],HP,64,DDR4
84,4.0,58990.0,Intel Core i5 Processor,8 GB,Windows 11,"['1 TB HDD', '256 GB SSD']",DELL,64,DDR4
85,4.8,112990.0,Intel Core i5 Processor,8 GB,Windows 11,['256 GB SSD'],APPLE,64,Unified Memory
86,4.4,64150.0,Intel Core i5 Processor,8 GB,Windows 11,['512 GB SSD'],acer,64,LPDDR4X
87,4.3,36158.0,Intel Core i3 Processor,8 GB,Windows 11,['512 GB SSD'],Lenovo,64,DDR4
88,4.3,41000.0,AMD Ryzen 3 Quad Core Processor,8 GB,Windows 10,['512 GB SSD'],HP,64,DDR4
89,4.7,124990.0,AMD Ryzen 7 Octa Core Processor,16 GB,Windows 11,['1 TB SSD'],ASUS,64,DDR5
90,4.2,36990.0,AMD Ryzen 3 Dual Core Processor,8 GB,Windows 11,['512 GB SSD'],Lenovo,64,DDR4
91,4.2,60990.0,Intel Core i5 Processor,16 GB,Windows 11,['512 GB SSD'],HP,64,DDR4
92,4.5,56990.0,AMD Ryzen 5 Hexa Core Processor,8 GB,Windows 11,['512 GB SSD'],HP,64,DDR4
93,4.2,279990.0,Intel Core i9 Processor,32 GB,Windows 11,['1 TB SSD'],ASUS,64,DDR5
94,4.4,46990.0,Intel Core i5 Processor,8 GB,Windows 10,['256 GB SSD'],realme,64,DDR4
95,3.8,22490.0,Intel Core i5 Processor,4 GB,Windows 11,['512 GB SSD'],HP,64,LPDDR4X
96,4.2,349900.0,Intel Core i5 Processor,32 GB,Windows 11,['1 TB SSD'],APPLE,64,Unified Memory
97,4.7,85990.0,Intel Core i5 Processor,16 GB,Windows 11,['512 GB SSD'],MSI,64,DDR4
98,4.4,38990.0,Intel Core i3 Processor,8 GB,Windows 10,['512 GB SSD'],ASUS,64,DDR4
99,4.2,25490.0,Intel Celeron Dual Core Processor,4 GB,Windows 11,['512 GB SSD'],HP,64,LPDDR4
100,4.2,138990.0,Intel Core i5 Processor,16 GB,Windows 11,['1 TB SSD'],DELL,64,DDR5
101,4.3,329900.0,Intel Core i5 Processor,32 GB,Windows 11,['1 TB SSD'],APPLE,64,Unified Memory
102,4.5,56990.0,AMD Ryzen 5 Hexa Core Processor,8 GB,Windows 11,['512 GB SSD'],HP,64,DDR4
103,3.8,19100.0,Intel Core i5 Processor,4 GB,Chrome,['512 GB SSD'],HP,32,DDR4
104,4.4,64150.0,Intel Core i5 Processor,8 GB,Windows 11,['512 GB SSD'],acer,64,LPDDR4X
105,4.8,112990.0,Intel Core i5 Processor,8 GB,Windows 11,['256 GB SSD'],APPLE,64,Unified Memory
106,4.5,68990.0,Intel Core i5 Processor,16 GB,Windows 11,['512 GB SSD'],ASUS,64,DDR4
107,3.8,22490.0,Intel Core i5 Processor,4 GB,Windows 11,['512 GB SSD'],HP,64,LPDDR4X
108,4.1,32000.0,Intel Core i5 Processor,8 GB,Windows 11,['256 GB SSD'],DELL,64,DDR4
109,4.3,32489.0,Intel Core i3 Processor,8 GB,Windows 11,['256 GB SSD'],acer,64,DDR4
110,4.2,299990.0,Intel Core i9 Processor,32 GB,Windows 11,['2 TB SSD'],MSI,64,DDR5
111,4.3,36158.0,Intel Core i3 Processor,8 GB,Windows 11,['512 GB SSD'],Lenovo,64,DDR4
112,4.3,45990.0,Intel Core i3 Processor,8 GB,Windows 11,['512 GB SSD'],ASUS,64,DDR4
113,4.2,149700.0,AMD Ryzen 7 Octa Core Processor,16 GB,Windows 11,['1 TB SSD'],ASUS,64,DDR5
114,4.0,42990.0,Intel Core i3 Processor,8 GB,Windows 11,['512 GB SSD'],ASUS,64,DDR4
115,4.5,37990.0,Intel Core i3 Processor,8 GB,Windows 11,['512 GB SSD'],MSI,64,DDR4
116,4.3,45990.0,Intel Core i3 Processor,8 GB,Windows 11,['512 GB SSD'],ASUS,64,DDR4
117,4.0,22900.0,AMD Dual Core Processor,4 GB,Windows 11,['256 GB SSD'],acer,64,DDR4
118,4.4,46990.0,Intel Core i5 Processor,8 GB,Windows 10,['256 GB SSD'],realme,64,DDR4
119,4.2,33639.0,Intel Core i3 Processor,8 GB,Windows 11,['256 GB SSD'],Lenovo,64,DDR4
120,4.2,304990.0,Intel Core i9 Processor,32 GB,Windows 11,['2 TB SSD'],ASUS,64,DDR5
121,4.2,359990.0,Intel Core i9 Processor,32 GB,Windows 11,['2 TB SSD'],MSI,64,DDR5
122,4.2,45990.0,Intel Core i5 Processor,8 GB,Windows 11,['512 GB SSD'],MSI,64,DDR4
123,4.2,25490.0,Intel Celeron Dual Core Processor,4 GB,Windows 11,['512 GB SSD'],HP,64,LPDDR4
124,4.2,84990.0,AMD Ryzen 7 Octa Core Processor,16 GB,Windows 11,['512 GB SSD'],Lenovo,64,DDR4
125,4.8,93990.0,Intel Core i7 Processor,16 GB,Windows 11,['1 TB SSD'],HP,64,DDR4
126,4.2,40300.0,AMD Ryzen 5 Quad Core Processor,8 GB,Windows 11,['512 GB SSD'],Lenovo,64,DDR4
127,3.8,19100.0,Intel Core i5 Processor,4 GB,Chrome,['512 GB SSD'],HP,32,DDR4
128,4.2,171990.0,AMD Ryzen 7 Octa Core Processor,16 GB,Windows 11,['1 TB SSD'],ASUS,64,DDR5
129,4.3,69990.0,Intel Core i5 Processor,16 GB,Windows 11,['512 GB SSD'],Lenovo,64,LPDDR4X
130,4.4,63990.0,AMD Ryzen 7 Octa Core Processor,16 GB,Windows 11,['512 GB SSD'],ASUS,64,DDR4
131,3.8,22490.0,Intel Core i5 Processor,4 GB,Windows 11,['512 GB SSD'],HP,64,LPDDR4X
132,4.7,84990.0,Intel Core i5 Processor,8 GB,Windows 11,['256 GB SSD'],APPLE,64,DDR4
133,4.3,40990.0,Intel Core i3 Processor,8 GB,Windows 11,['512 GB SSD'],ASUS,64,DDR4
134,4.2,35990.0,AMD Ryzen 3 Dual Core Processor,8 GB,Windows 11,['256 GB SSD'],DELL,64,DDR4
135,4.3,36158.0,Intel Core i3 Processor,8 GB,Windows 11,['512 GB SSD'],Lenovo,64,DDR4
136,4.2,239990.0,Intel Core i5 Processor,16 GB,Windows 11,['512 GB SSD'],APPLE,64,Unified Memory
137,4.0,82990.0,Intel Core i5 Processor,16 GB,Windows 11,['512 GB SSD'],acer,64,DDR4
138,4.5,159990.0,Intel Core i9 Processor,32 GB,Windows 11,['1 TB SSD'],ASUS,64,LPDDR5
139,4.5,37990.0,Intel Core i3 Processor,8 GB,Windows 11,['512 GB SSD'],MSI,64,DDR4
140,4.7,132900.0,Intel Core i5 Processor,16 GB,Windows 11,['512 GB SSD'],APPLE,64,DDR4
141,4.2,75990.0,Intel Core i7 Processor,16 GB,Windows 11,['512 GB SSD'],MSI,64,DDR4
142,4.4,37880.0,Intel Core i5 Processor,8 GB,Windows 11,['256 GB SSD'],DELL,64,DDR4
143,4.2,33639.0,Intel Core i3 Processor,8 GB,Windows 11,['256 GB SSD'],Lenovo,64,DDR4
144,4.2,73490.0,Intel Core i5 Processor,16 GB,Windows 11,['512 GB SSD'],DELL,64,DDR4
145,3.8,22490.0,Intel Core i5 Processor,4 GB,Windows 11,['512 GB SSD'],HP,64,LPDDR4X
146,4.2,53990.0,Intel Core i5 Processor,8 GB,Windows 11,['512 GB SSD'],Lenovo,64,DDR4
147,4.2,25490.0,Intel Celeron Dual Core Processor,4 GB,Windows 11,['512 GB SSD'],HP,64,LPDDR4
148,4.2,144990.0,Intel Core i7 Processor,16 GB,Windows 11,['1 TB SSD'],MSI,64,LPDDR5
149,4.2,49990.0,Intel Core i3 Processor,8 GB,Windows 11,['512 GB SSD'],MSI,64,DDR4
150,4.4,52990.0,Intel Core i5 Processor,8 GB,Windows 11,['512 GB SSD'],acer,64,DDR4
151,3.8,19100.0,Intel Core i5 Processor,4 GB,Chrome,['512 GB SSD'],HP,32,DDR4
152,4.3,79990.0,Intel Core i7 Processor,16 GB,Windows 10,['512 GB SSD'],MSI,64,DDR4
153,4.2,56990.0,Intel Core i3 Processor,8 GB,Windows 11,['512 GB SSD'],DELL,64,DDR4
154,4.2,89952.0,Intel Core i9 Processor,16 GB,Windows 11,['512 GB SSD'],ASUS,64,DDR4
155,4.3,36158.0,Intel Core i3 Processor,8 GB,Windows 11,['512 GB SSD'],Lenovo,64,DDR4
156,4.2,38990.0,Intel Core i3 Processor,8 GB,Windows 11,['512 GB SSD'],ASUS,64,DDR4
157,4.5,95990.0,Intel Core i7 Processor,16 GB,Windows 10,"['1 TB HDD', '512 GB SSD']",acer,64,DDR4
158,4.2,29990.0,Intel Core i3 Processor,8 GB,Windows 11,['256 GB SSD'],Infinix,64,LPDDR4X
159,4.5,37990.0,Intel Core i3 Processor,8 GB,Windows 11,['512 GB SSD'],MSI,64,DDR4
160,2.8,44490.0,Intel Core i3 Processor,8 GB,Windows 11,['512 GB SSD'],DELL,64,DDR4
161,4.2,78990.0,AMD Ryzen 7 Octa Core Processor,16 GB,Windows 11,['1 TB SSD'],HP,64,LPDDR5
162,4.4,44990.0,Intel Core i3 Processor,8 GB,Windows 11,['256 GB SSD'],ASUS,64,LPDDR4X
163,4.2,33639.0,Intel Core i3 Processor,8 GB,Windows 11,['256 GB SSD'],Lenovo,64,DDR4
164,4.2,92990.0,Intel Core i5 Processor,16 GB,Windows 11,['512 GB SSD'],ASUS,64,LPDDR5
165,3.9,114990.0,Intel Core i7 Processor,16 GB,Windows 11,['1 TB SSD'],ASUS,64,DDR5
166,4.0,54990.0,AMD Ryzen 5 Hexa Core Processor,8 GB,Windows 11,"['1 TB HDD', '256 GB SSD']",Lenovo,64,DDR4
167,4.2,50990.0,AMD Ryzen 5 Hexa Core Processor,16 GB,Windows 11,['512 GB SSD'],MSI,64,DDR4
168,4.2,49990.0,Intel Core i3 Processor,8 GB,Windows 11,['512 GB SSD'],MSI,64,DDR4
169,4.1,32000.0,Intel Core i5 Processor,8 GB,Windows 11,['256 GB SSD'],DELL,64,DDR4
170,3.9,114990.0,Intel Core i7 Processor,16 GB,Windows 11,['1 TB SSD'],ASUS,64,DDR5
171,4.2,25490.0,Intel Celeron Dual Core Processor,4 GB,Windows 11,['512 GB SSD'],HP,64,LPDDR4
172,4.5,113990.0,Intel Core i5 Processor,16 GB,Windows 10,['1 TB SSD'],MSI,64,DDR4
173,4.0,54990.0,AMD Ryzen 5 Hexa Core Processor,8 GB,Windows 11,"['1 TB HDD', '256 GB SSD']",Lenovo,64,DDR4
174,4.2,38990.0,Intel Core i3 Processor,8 GB,Windows 11,['512 GB SSD'],ASUS,64,DDR4
175,4.2,58400.0,Intel Core i5 Processor,8 GB,Windows 11,['512 GB SSD'],HP,64,DDR4
176,4.2,92990.0,Intel Core i5 Processor,16 GB,Windows 11,['512 GB SSD'],ASUS,64,LPDDR5
177,3.9,30300.0,Intel Pentium Quad Core Processor,8 GB,Windows 11,['256 GB SSD'],HP,64,DDR4
178,4.2,29990.0,Intel Core i3 Processor,8 GB,Windows 11,['256 GB SSD'],Infinix,64,LPDDR4X
179,4.3,53990.0,Intel Core i5 Processor,8 GB,Windows 11,['512 GB SSD'],HP,64,DDR4
180,4.2,129990.0,Intel Core i7 Processor,16 GB,Windows 11,['1 TB SSD'],MSI,64,LPDDR5
181,4.4,87099.0,Intel Core i5 Processor,16 GB,Windows 11,['512 GB SSD'],DELL,64,DDR4
182,4.2,45990.0,Intel Core i5 Processor,8 GB,Windows 11,['512 GB SSD'],MSI,64,DDR4
183,4.2,60990.0,Intel Core i5 Processor,16 GB,Windows 11,['512 GB SSD'],HP,64,DDR4
184,4.2,329990.0,Intel Core i5 Processor,16 GB,Windows 11,['1 TB SSD'],ASUS,64,LPDDR5
185,4.2,211990.0,AMD Ryzen 9 Octa Core Processor,16 GB,Windows 11,['1 TB SSD'],ASUS,64,DDR5
186,4.5,80990.0,AMD Ryzen 7 Octa Core Processor,16 GB,Windows 11,['512 GB SSD'],Lenovo,64,DDR4
187,3.8,22490.0,Intel Core i5 Processor,4 GB,Windows 11,['512 GB SSD'],HP,64,LPDDR4X
188,4.7,132900.0,Intel Core i5 Processor,16 GB,Windows 11,['512 GB SSD'],APPLE,64,DDR4
189,4.1,21990.0,Intel Celeron Quad Core Processor,4 GB,Windows 11,['128 GB SSD'],Infinix,64,LPDDR4X
190,4.2,159990.0,Intel Core i9 Processor,32 GB,Windows 11,['1 TB SSD'],ASUS,64,LPDDR5
191,3.9,62990.0,Intel Core i5 Processor,16 GB,Windows 11,['512 GB SSD'],HP,64,DDR4
192,4.7,67490.0,AMD Ryzen 5 Hexa Core Processor,8 GB,Windows 11,['512 GB SSD'],HP,64,DDR4
193,4.2,224990.0,AMD Ryzen 7 Octa Core Processor,32 GB,Windows 11,['2 TB SSD'],ASUS,64,DDR5
194,4.2,48990.0,AMD Ryzen 5 Hexa Core Processor,16 GB,Windows 11,['512 GB SSD'],HP,64,DDR4
195,4.2,25490.0,Intel Celeron Dual Core Processor,4 GB,Windows 11,['512 GB SSD'],HP,64,LPDDR4
196,4.2,60990.0,AMD Ryzen 7 Octa Core Processor,16 GB,Windows 11,['512 GB SSD'],HP,64,DDR4
197,4.1,63890.0,Intel Core i5 Processor,8 GB,Windows 11,['512 GB SSD'],DELL,64,DDR4
198,4.2,88990.0,AMD Ryzen 7 Octa Core Processor,16 GB,Windows 11,['512 GB SSD'],DELL,64,DDR4
199,3.8,19100.0,Intel Core i5 Processor,4 GB,Chrome,['512 GB SSD'],HP,32,DDR4
200,4.2,83699.0,Intel Core i7 Processor,8 GB,Windows 11,['512 GB SSD'],HP,64,DDR4
201,4.5,90490.0,Intel Core i5 Processor,16 GB,Windows 11,['512 GB SSD'],HP,64,DDR4
202,3.4,69490.0,AMD Ryzen 5 Hexa Core Processor,8 GB,Windows 11,['512 GB SSD'],DELL,64,DDR5
203,3.8,22490.0,Intel Core i5 Processor,4 GB,Windows 11,['512 GB SSD'],HP,64,LPDDR4X
204,4.6,146990.0,AMD Ryzen 9 Octa Core Processor,16 GB,Windows 11,['1 TB SSD'],ASUS,64,DDR4
205,4.2,211990.0,AMD Ryzen 9 Octa Core Processor,16 GB,Windows 11,['1 TB SSD'],ASUS,64,DDR5
206,4.4,64990.0,Intel Core i5 Processor,16 GB,Windows 11,['512 GB SSD'],DELL,64,DDR4
207,4.3,36158.0,Intel Core i3 Processor,8 GB,Windows 11,['512 GB SSD'],Lenovo,64,DDR4
208,4.2,365387.0,Intel Core i9 Processor,32 GB,Windows 11,['2 TB SSD'],ASUS,64,DDR5
209,4.2,151990.0,AMD Ryzen 7 Hexa Core Processor,16 GB,Windows 11,"['512 GB HDD', '512 GB SSD']",DELL,64,DDR5
210,4.2,224990.0,AMD Ryzen 7 Octa Core Processor,32 GB,Windows 11,['2 TB SSD'],ASUS,64,DDR5
211,4.2,33639.0,Intel Core i3 Processor,8 GB,Windows 11,['256 GB SSD'],Lenovo,64,DDR4
212,4.2,170399.0,Intel Core i7 Processor,16 GB,Windows 11,['1 TB SSD'],HP,64,DDR5
213,4.5,65990.0,AMD Ryzen 5 Hexa Core Processor,8 GB,Windows 11,['1 TB SSD'],ASUS,64,DDR4
214,4.1,65490.0,Intel Core i5 Processor,8 GB,Windows 11,['512 GB SSD'],HP,64,DDR4
215,4.2,50990.0,AMD Ryzen 5 Hexa Core Processor,16 GB,Windows 11,['512 GB SSD'],MSI,64,DDR4
216,4.5,37990.0,Intel Core i3 Processor,8 GB,Windows 11,['512 GB SSD'],MSI,64,DDR4
217,4.2,79990.0,Intel Core i5 Processor,16 GB,Windows 11,['512 GB SSD'],SAMSUNG,64,LPDDR4X
218,4.5,74990.0,Intel Core i5 Processor,16 GB,Windows 11,['512 GB SSD'],ASUS,64,DDR4
219,4.2,25490.0,Intel Celeron Dual Core Processor,4 GB,Windows 11,['512 GB SSD'],HP,64,LPDDR4
220,4.2,115990.0,AMD Ryzen 7 Octa Core Processor,16 GB,Windows 11,['1 TB SSD'],ASUS,64,DDR4
221,3.9,31990.0,Intel Core i3 Processor,4 GB,Windows 11,['256 GB SSD'],Lenovo,64,DDR4
222,4.2,74490.0,AMD Ryzen 5 Hexa Core Processor,8 GB,Windows 11,['512 GB SSD'],HP,64,DDR4
223,3.8,19100.0,Intel Core i5 Processor,4 GB,Chrome,['512 GB SSD'],HP,32,DDR4
224,4.0,27990.0,Intel Pentium Silver Processor,8 GB,Windows 11,['256 GB SSD'],ASUS,64,DDR4
225,4.7,85990.0,Intel Core i5 Processor,16 GB,Windows 11,['512 GB SSD'],HP,64,LPDDR4X
226,4.2,146990.0,AMD Ryzen 9 Octa Core Processor,16 GB,Windows 11,['1 TB SSD'],DELL,64,DDR5
227,3.8,22490.0,Intel Core i5 Processor,4 GB,Windows 11,['512 GB SSD'],HP,64,LPDDR4X
228,4.5,56990.0,Intel Core i5 Processor,8 GB,Windows 11,['512 GB SSD'],ASUS,64,DDR4
229,4.2,210990.0,AMD Ryzen 9 Octa Core Processor,16 GB,Windows 11,['1 TB SSD'],ASUS,64,DDR5
230,4.2,149990.0,Intel Core i7 Processor,16 GB,Windows 11,['1 TB SSD'],GIGABYTE,64,DDR4
231,4.3,36158.0,Intel Core i3 Processor,8 GB,Windows 11,['512 GB SSD'],Lenovo,64,DDR4
232,5.0,103990.0,Intel Core i7 Processor,16 GB,Windows 11,['512 GB SSD'],HP,64,LPDDR4X
233,4.8,91990.0,AMD Ryzen 5 Hexa Core Processor,16 GB,Windows 11,['512 GB SSD'],ASUS,64,LPDDR4X
234,4.1,84990.0,Intel Core i7 Processor,16 GB,Windows 11,['512 GB SSD'],ASUS,64,DDR4
235,4.2,33639.0,Intel Core i3 Processor,8 GB,Windows 11,['256 GB SSD'],Lenovo,64,DDR4
236,4.3,45490.0,Intel Core i3 Processor,8 GB,Windows 11,['512 GB SSD'],DELL,64,DDR4
237,4.2,47990.0,AMD Ryzen 3 Quad Core Processor,8 GB,Windows 11,['512 GB SSD'],ASUS,64,LPDDR5
238,4.1,40690.0,Intel Core i3 Processor,8 GB,Windows 11,['512 GB SSD'],DELL,64,DDR4
239,4.2,50990.0,AMD Ryzen 5 Hexa Core Processor,16 GB,Windows 11,['512 GB SSD'],MSI,64,DDR4
240,4.3,39790.0,AMD Ryzen 3 Quad Core Processor,8 GB,Windows 11,['512 GB SSD'],HP,64,DDR4
241,4.2,54990.0,Intel Core i5 Processor,16 GB,Windows 11,['512 GB SSD'],acer,64,DDR4
242,4.2,47990.0,AMD Ryzen 3 Quad Core Processor,8 GB,Windows 11,['512 GB SSD'],ASUS,64,LPDDR5
243,4.2,25490.0,Intel Celeron Dual Core Processor,4 GB,Windows 11,['512 GB SSD'],HP,64,LPDDR4
244,4.8,259900.0,Intel Core i5 Processor,16 GB,Windows 11,['1 TB SSD'],APPLE,64,Unified Memory
245,4.2,139000.0,Intel Core i5 Processor,8 GB,Windows 11,['512 GB SSD'],APPLE,64,Unified Memory
246,4.2,115990.0,AMD Ryzen 7 Octa Core Processor,16 GB,Windows 11,['1 TB SSD'],ASUS,64,DDR4
247,4.2,58400.0,Intel Core i5 Processor,8 GB,Windows 11,['512 GB SSD'],HP,64,DDR4
248,2.3,74990.0,Intel Core i5 Processor,8 GB,Windows 11,['512 GB SSD'],ASUS,64,LPDDR4X
249,4.2,56490.0,Intel Core i7 Processor,8 GB,Windows 10,['512 GB SSD'],Mi,64,DDR4
250,4.2,181990.0,Intel Core i9 Processor,16 GB,Windows 11,['1 TB SSD'],ASUS,64,LPDDR5
251,4.3,53990.0,Intel Core i5 Processor,8 GB,Windows 11,['512 GB SSD'],HP,64,DDR4
252,4.0,71990.0,Intel Core i5 Processor,16 GB,Windows 11,['512 GB SSD'],HP,64,DDR4
253,5.0,156490.0,Intel Core i7 Processor,16 GB,Windows 11,['1 TB SSD'],acer,64,DDR5
254,4.2,361990.0,AMD Ryzen 9 Octa Core Processor,32 GB,Windows 11,['2 TB SSD'],ASUS,64,DDR5
255,4.2,60990.0,Intel Core i5 Processor,16 GB,Windows 11,['512 GB SSD'],HP,64,DDR4
256,4.2,139490.0,Intel Core i7 Processor,16 GB,Windows 11,['512 GB SSD'],Lenovo,64,DDR5
257,4.7,112900.0,Intel Core i5 Processor,16 GB,Windows 11,['256 GB SSD'],APPLE,64,DDR4
258,5.0,129990.0,AMD Ryzen 7 Octa Core Processor,16 GB,Windows 11,['1 TB SSD'],ASUS,64,DDR5
259,3.8,22490.0,Intel Core i5 Processor,4 GB,Windows 11,['512 GB SSD'],HP,64,LPDDR4X
260,4.2,114650.0,Intel Core i5 Processor,16 GB,Windows 11,['512 GB SSD'],ASUS,64,DDR5
261,5.0,174990.0,AMD Ryzen 9 Octa Core Processor,16 GB,Windows 11,['1 TB SSD'],ASUS,64,DDR5
262,4.9,188490.0,Intel Core i5 Processor,16 GB,Windows 10,['512 GB SSD'],ALIENWARE,64,DDR4
263,3.9,62990.0,Intel Core i5 Processor,16 GB,Windows 11,['512 GB SSD'],HP,64,DDR4
264,4.7,144990.0,AMD Ryzen 7 Octa Core Processor,16 GB,Windows 11,['1 TB SSD'],Lenovo,64,DDR4
265,4.2,349900.0,Intel Core i5 Processor,32 GB,Windows 11,['1 TB SSD'],APPLE,64,Unified Memory
266,3.6,93899.0,Intel Core i7 Processor,16 GB,Windows 11,['512 GB SSD'],HP,64,DDR4
267,4.2,25490.0,Intel Celeron Dual Core Processor,4 GB,Windows 11,['512 GB SSD'],HP,64,LPDDR4
268,4.2,40990.0,Intel Core i3 Processor,8 GB,Windows 11,['256 GB SSD'],ASUS,64,DDR4
269,4.2,359990.0,Intel Core i9 Processor,32 GB,Windows 11,['2 TB SSD'],ASUS,64,DDR5
270,4.7,66990.0,AMD Ryzen 5 Hexa Core Processor,8 GB,Windows 10,['512 GB SSD'],DELL,64,DDR4
271,3.8,19100.0,Intel Core i5 Processor,4 GB,Chrome,['512 GB SSD'],HP,32,DDR4
272,4.7,112900.0,Intel Core i5 Processor,16 GB,Windows 11,['256 GB SSD'],APPLE,64,DDR4
273,4.8,239900.0,Intel Core i5 Processor,16 GB,Windows 11,['512 GB SSD'],APPLE,64,Unified Memory
274,4.2,74990.0,Intel Core i7 Processor,8 GB,Windows 11,['512 GB SSD'],MSI,64,DDR4
275,3.8,22490.0,Intel Core i5 Processor,4 GB,Windows 11,['512 GB SSD'],HP,64,LPDDR4X
276,4.5,74990.0,AMD Ryzen 7 Octa Core Processor,8 GB,Windows 11,['512 GB SSD'],MSI,64,DDR4
277,4.2,59890.0,Intel Core i5 Processor,16 GB,Windows 11,['512 GB SSD'],DELL,64,DDR4
278,4.2,68990.0,Intel Core i5 Processor,8 GB,Windows 11,['512 GB SSD'],HP,64,DDR4
279,4.3,36158.0,Intel Core i3 Processor,8 GB,Windows 11,['512 GB SSD'],Lenovo,64,DDR4
280,4.2,189990.0,AMD Ryzen 7 Octa Core Processor,32 GB,Windows 11,['1 TB SSD'],Lenovo,64,DDR5
281,4.2,38990.0,Intel Core i3 Processor,8 GB,Windows 10,['256 GB SSD'],DELL,64,DDR4
282,4.4,44990.0,Intel Core i3 Processor,8 GB,Windows 11,['256 GB SSD'],ASUS,64,LPDDR4X
283,4.5,37990.0,Intel Core i3 Processor,8 GB,Windows 11,['512 GB SSD'],MSI,64,DDR4
284,4.3,33990.0,Intel Core i3 Processor,8 GB,Windows 11,['256 GB SSD'],Lenovo,64,DDR4
285,4.2,174990.0,AMD Ryzen 9 Octa Core Processor,16 GB,Windows 11,['1 TB SSD'],ASUS,64,DDR4
286,4.2,179990.0,AMD Ryzen 7 Octa Core Processor,32 GB,Windows 11,['1 TB SSD'],Lenovo,64,DDR4
287,4.2,33639.0,Intel Core i3 Processor,8 GB,Windows 11,['256 GB SSD'],Lenovo,64,DDR4
288,4.3,62990.0,Intel Core i5 Processor,8 GB,Windows 11,['512 GB SSD'],HP,64,DDR4
289,4.2,137900.0,Intel Core i5 Processor,16 GB,Windows 11,['256 GB SSD'],APPLE,64,Unified Memory
290,4.4,62990.0,Intel Core i5 Processor,8 GB,Windows 11,['512 GB SSD'],ASUS,64,DDR4
291,4.2,25490.0,Intel Celeron Dual Core Processor,4 GB,Windows 11,['512 GB SSD'],HP,64,LPDDR4
292,4.2,40248.0,AMD Ryzen 3 Quad Core Processor,8 GB,Windows 11,['512 GB SSD'],ASUS,64,LPDDR5
293,5.0,99990.0,Intel Core i5 Processor,16 GB,Windows 11,['512 GB SSD'],DELL,64,DDR5
294,3.8,66998.0,AMD Ryzen 7 Octa Core Processor,16 GB,Windows 11,['512 GB SSD'],Lenovo,64,DDR4
295,4.2,58400.0,Intel Core i5 Processor,8 GB,Windows 11,['512 GB SSD'],HP,64,DDR4
296,4.2,134990.0,Intel Core i7 Processor,16 GB,Windows 11,['1 TB SSD'],ASUS,64,LPDDR5
297,4.2,86990.0,Intel Core i5 Processor,8 GB,Windows 11,['512 GB SSD'],DELL,64,DDR5
298,4.2,148590.0,Intel Core i7 Processor,16 GB,Windows 11,['512 GB SSD'],ASUS,64,LPDDR5
299,4.3,53990.0,Intel Core i5 Processor,8 GB,Windows 11,['512 GB SSD'],HP,64,DDR4
300,4.2,68990.0,Intel Core i5 Processor,8 GB,Windows 11,['512 GB SSD'],HP,64,DDR4
301,4.2,50990.0,AMD Ryzen 5 Hexa Core Processor,16 GB,Windows 11,['512 GB SSD'],MSI,64,DDR4
302,4.5,45990.0,Intel Core i3 Processor,8 GB,Windows 11,['512 GB SSD'],ASUS,64,DDR4
303,4.3,36158.0,Intel Core i3 Processor,8 GB,Windows 11,['512 GB SSD'],Lenovo,64,DDR4
304,4.6,129990.0,Intel Core i7 Processor,16 GB,Windows 10,['1 TB SSD'],MSI,64,DDR4
305,4.5,74890.0,Intel Core i5 Processor,16 GB,Windows 10,['512 GB SSD'],DELL,64,DDR4
306,4.2,281990.0,Intel Core i9 Processor,32 GB,Windows 11,['1 TB SSD'],ASUS,64,DDR5
307,4.2,60990.0,Intel Core i5 Processor,16 GB,Windows 11,['512 GB SSD'],HP,64,DDR4
308,4.2,193990.0,Intel Core i7 Processor,16 GB,Windows 11,['1 TB SSD'],GIGABYTE,64,DDR4
309,4.2,83990.0,Intel Core i5 Processor,16 GB,Windows 11,['512 GB SSD'],Lenovo,64,DDR4
310,4.7,129990.0,AMD Ryzen 9 Octa Core Processor,16 GB,Windows 11,['1 TB SSD'],MSI,64,DDR4
311,3.8,22490.0,Intel Core i5 Processor,4 GB,Windows 11,['512 GB SSD'],HP,64,LPDDR4X
312,4.2,50990.0,AMD Ryzen 5 Hexa Core Processor,16 GB,Windows 11,['512 GB SSD'],MSI,64,DDR4
313,4.6,129990.0,Intel Core i7 Processor,16 GB,Windows 10,['1 TB SSD'],MSI,64,DDR4
314,4.2,123990.0,Intel Core i7 Processor,16 GB,Windows 11,['512 GB SSD'],DELL,64,DDR5
315,4.2,25490.0,Intel Celeron Dual Core Processor,4 GB,Windows 11,['512 GB SSD'],HP,64,LPDDR4
316,4.2,168990.0,Intel Core i7 Processor,16 GB,Windows 11,['512 GB SSD'],DELL,64,DDR5
317,4.2,166499.0,Intel Core i7 Processor,16 GB,Windows 10,['1 TB SSD'],HP,64,DDR4
318,4.2,63990.0,AMD Ryzen 5 Hexa Core Processor,16 GB,Windows 10,['512 GB SSD'],HP,64,DDR4
319,3.8,19100.0,Intel Core i5 Processor,4 GB,Chrome,['512 GB SSD'],HP,32,DDR4
320,4.2,31990.0,Intel Core i3 Processor,8 GB,Windows 11,['256 GB SSD'],Infinix,64,LPDDR4X
321,4.2,42990.0,Intel Core i3 Processor,8 GB,Windows 11,['512 GB SSD'],acer,64,DDR4
322,4.2,171990.0,AMD Ryzen 9 Octa Core Processor,32 GB,Windows 11,['1 TB SSD'],ASUS,64,LPDDR5
323,3.8,22490.0,Intel Core i5 Processor,4 GB,Windows 11,['512 GB SSD'],HP,64,LPDDR4X
324,4.2,99290.0,Intel Core i5 Processor,16 GB,Windows 11,['512 GB SSD'],Lenovo,64,LPDDR4X
325,4.3,36541.0,Intel Core i3 Processor,8 GB,Windows 11,['512 GB SSD'],Lenovo,64,DDR4
326,4.7,241990.0,Intel Core i9 Processor,32 GB,Windows 11,['1 TB SSD'],ASUS,64,DDR5
327,4.3,36158.0,Intel Core i3 Processor,8 GB,Windows 11,['512 GB SSD'],Lenovo,64,DDR4
328,3.0,137990.0,Intel Core i5 Processor,8 GB,Windows 10,"['1 TB HDD', '256 GB SSD']",ASUS,64,DDR4
329,4.2,162990.0,AMD Ryzen 7 Octa Core Processor,16 GB,Windows 11,['1 TB SSD'],ASUS,64,DDR5
330,4.2,157990.0,AMD Ryzen 7 Octa Core Processor,16 GB,Windows 11,['1 TB SSD'],ASUS,64,DDR5
331,4.5,37990.0,Intel Core i3 Processor,8 GB,Windows 11,['512 GB SSD'],MSI,64,DDR4
332,4.2,139000.0,Intel Core i5 Processor,8 GB,Windows 11,['512 GB SSD'],APPLE,64,Unified Memory
333,4.2,43990.0,Intel Core i5 Processor,8 GB,Windows 11,['512 GB SSD'],DELL,64,DDR4
334,4.2,70990.0,AMD Ryzen 7 Octa Core Processor,16 GB,Windows 11,['512 GB SSD'],ASUS,64,DDR4
335,4.2,33639.0,Intel Core i3 Processor,8 GB,Windows 11,['256 GB SSD'],Lenovo,64,DDR4
336,4.2,119990.0,Intel Core i7 Processor,16 GB,Windows 11,['512 GB SSD'],Lenovo,64,LPDDR5
337,4.2,139990.0,Intel Core i7 Processor,16 GB,Windows 11,['1 TB SSD'],ASUS,64,LPDDR5
338,4.6,109990.0,Intel Core i7 Processor,16 GB,Windows 11,['1 TB SSD'],HP,64,DDR4
339,4.2,25490.0,Intel Celeron Dual Core Processor,4 GB,Windows 11,['512 GB SSD'],HP,64,LPDDR4
340,4.3,62490.0,Intel Core i5 Processor,8 GB,Windows 11,['512 GB SSD'],DELL,64,DDR4
341,4.2,62990.0,Intel Core i5 Processor,8 GB,Windows 11,['512 GB SSD'],MSI,64,DDR4
342,4.2,116899.0,Intel Core i7 Processor,16 GB,Windows 11,['1 TB SSD'],HP,64,DDR5
343,3.8,19100.0,Intel Core i5 Processor,4 GB,Chrome,['512 GB SSD'],HP,32,DDR4
344,4.1,38990.0,Intel Core i5 Processor,16 GB,Windows 11,['512 GB SSD'],Infinix,64,LPDDR4X
345,5.0,197990.0,Intel Core i5 Processor,16 GB,Windows 10,['1 TB SSD'],ASUS,64,DDR4
346,4.4,89990.0,Intel Core i5 Processor,16 GB,Windows 11,['512 GB SSD'],ASUS,64,LPDDR5
347,3.8,22490.0,Intel Core i5 Processor,4 GB,Windows 11,['512 GB SSD'],HP,64,LPDDR4X
348,4.2,329990.0,Intel Core i5 Processor,16 GB,Windows 11,['1 TB SSD'],ASUS,64,LPDDR5
349,4.1,49990.0,Intel Core i3 Processor,8 GB,Windows 11,['512 GB SSD'],ASUS,64,LPDDR4X
350,4.2,55990.0,AMD Ryzen 5 Hexa Core Processor,8 GB,Windows 11,['512 GB SSD'],DELL,64,DDR4
351,4.3,36158.0,Intel Core i3 Processor,8 GB,Windows 11,['512 GB SSD'],Lenovo,64,DDR4
352,4.2,391990.0,AMD Ryzen 9 Octa Core Processor,32 GB,Windows 11,['2 TB SSD'],ASUS,64,DDR5
353,4.2,71590.0,AMD Ryzen 7 Octa Core Processor,16 GB,Windows 11,['512 GB SSD'],DELL,64,DDR4
354,4.2,69990.0,Intel Core i5 Processor,8 GB,Windows 11,['512 GB SSD'],HP,64,DDR4
355,4.5,37990.0,Intel Core i3 Processor,8 GB,Windows 11,['512 GB SSD'],MSI,64,DDR4
356,4.2,104990.0,AMD Ryzen 7 Octa Core Processor,16 GB,Windows 11,['1 TB SSD'],ASUS,64,LPDDR4X
357,4.2,301818.0,Intel Core i9 Processor,32 GB,Windows 11,['1 TB SSD'],ASUS,64,DDR5
358,4.2,211990.0,AMD Ryzen 9 Octa Core Processor,16 GB,Windows 11,['1 TB SSD'],ASUS,64,DDR5
359,4.2,33639.0,Intel Core i3 Processor,8 GB,Windows 11,['256 GB SSD'],Lenovo,64,DDR4
360,4.3,119990.0,Intel Core i9 Processor,16 GB,Windows 11,['1 TB SSD'],MSI,64,DDR4
361,4.2,211990.0,AMD Ryzen 9 Octa Core Processor,16 GB,Windows 11,['1 TB SSD'],ASUS,64,DDR5
362,4.2,104990.0,AMD Ryzen 7 Octa Core Processor,16 GB,Windows 11,['1 TB SSD'],ASUS,64,LPDDR4X
363,4.2,25490.0,Intel Celeron Dual Core Processor,4 GB,Windows 11,['512 GB SSD'],HP,64,LPDDR4
364,4.2,301818.0,Intel Core i9 Processor,32 GB,Windows 11,['1 TB SSD'],ASUS,64,DDR5
365,4.2,33639.0,Intel Core i3 Processor,8 GB,Windows 11,['256 GB SSD'],Lenovo,64,DDR4
366,4.3,96999.0,Intel Core i5 Processor,16 GB,Windows 10,['512 GB SSD'],DELL,64,DDR4
367,3.8,19100.0,Intel Core i5 Processor,4 GB,Chrome,['512 GB SSD'],HP,32,DDR4
368,3.6,18990.0,Intel Celeron Dual Core Processor,4 GB,Chrome,['512 GB SSD'],ASUS,64,LPDDR4
369,4.2,56200.0,AMD Ryzen 5 Hexa Core Processor,8 GB,Windows 11,['512 GB SSD'],Lenovo,64,DDR4
370,3.0,38490.0,Intel Core i3 Processor,8 GB,Windows 11,"['1 TB HDD', '256 GB SSD']",Lenovo,64,DDR4
371,3.8,22490.0,Intel Core i5 Processor,4 GB,Windows 11,['512 GB SSD'],HP,64,LPDDR4X
372,4.5,60990.0,Intel Core i5 Processor,8 GB,Windows 11,['512 GB SSD'],ASUS,64,DDR4
373,5.0,55990.0,AMD Ryzen 7 Octa Core Processor,8 GB,Windows 10,['512 GB SSD'],acer,64,DDR4
374,4.2,149990.0,Intel Core i7 Processor,8 GB,Windows 11,['1 TB SSD'],Lenovo,64,DDR5
375,4.3,36158.0,Intel Core i3 Processor,8 GB,Windows 11,['512 GB SSD'],Lenovo,64,DDR4
376,4.5,71990.0,Intel Core i7 Processor,8 GB,Windows 10,['512 GB SSD'],Lenovo,64,DDR4
377,4.1,42907.0,Intel Core i3 Processor,8 GB,Windows 10,['256 GB SSD'],DELL,64,DDR4
378,4.5,45990.0,Intel Core i3 Processor,8 GB,Windows 11,['512 GB SSD'],ASUS,64,DDR4
379,4.5,37990.0,Intel Core i3 Processor,8 GB,Windows 11,['512 GB SSD'],MSI,64,DDR4
380,4.1,84990.0,Intel Core i7 Processor,16 GB,Windows 11,['512 GB SSD'],ASUS,64,DDR4
381,4.0,118990.0,Intel Core i7 Processor,16 GB,Windows 11,['512 GB SSD'],Lenovo,64,DDR4
382,4.2,98990.0,AMD Ryzen 7 Octa Core Processor,16 GB,Windows 10,['512 GB SSD'],Lenovo,64,DDR4
383,4.2,50990.0,AMD Ryzen 5 Hexa Core Processor,16 GB,Windows 11,['512 GB SSD'],MSI,64,DDR4
384,4.2,94990.0,AMD Ryzen 5 Hexa Core Processor,16 GB,Windows 11,['1 TB SSD'],ASUS,64,LPDDR4X
385,4.2,157990.0,AMD Ryzen 7 Octa Core Processor,16 GB,Windows 11,['1 TB SSD'],ASUS,64,DDR5
386,3.9,41890.0,AMD Ryzen 3 Quad Core Processor,8 GB,Windows 11,['512 GB SSD'],DELL,64,DDR4
387,4.2,25490.0,Intel Celeron Dual Core Processor,4 GB,Windows 11,['512 GB SSD'],HP,64,LPDDR4
388,4.4,56990.0,AMD Ryzen 5 Quad Core Processor,8 GB,Windows 10,['512 GB SSD'],HP,64,DDR4
389,4.4,104990.0,AMD Ryzen 9 Octa Core Processor,16 GB,Windows 11,['512 GB SSD'],ASUS,64,DDR4
390,3.9,42590.0,Intel Core i3 Processor,8 GB,Windows 11,['512 GB SSD'],ASUS,64,DDR4
391,4.2,58400.0,Intel Core i5 Processor,8 GB,Windows 11,['512 GB SSD'],HP,64,DDR4
392,4.7,66990.0,AMD Ryzen 5 Hexa Core Processor,8 GB,Windows 10,['512 GB SSD'],DELL,64,DDR4
393,4.2,106199.0,AMD Ryzen 7 Octa Core Processor,16 GB,Windows 11,['512 GB SSD'],HP,64,DDR5
394,4.2,58590.0,Intel Core i5 Processor,8 GB,Windows 11,['512 GB SSD'],DELL,64,DDR4
395,4.3,53990.0,Intel Core i5 Processor,8 GB,Windows 11,['512 GB SSD'],HP,64,DDR4
396,4.0,118990.0,Intel Core i7 Processor,16 GB,Windows 11,['512 GB SSD'],Lenovo,64,DDR4
397,4.5,102490.0,Intel Core i5 Processor,16 GB,Windows 11,['512 GB SSD'],DELL,64,DDR5
398,4.2,98990.0,AMD Ryzen 7 Octa Core Processor,16 GB,Windows 10,['512 GB SSD'],Lenovo,64,DDR4
399,4.2,60990.0,Intel Core i5 Processor,16 GB,Windows 11,['512 GB SSD'],HP,64,DDR4
400,4.2,57990.0,Intel Core i5 Processor,8 GB,Windows 11,['512 GB SSD'],acer,64,DDR4
401,4.4,89890.0,Intel Core i5 Processor,16 GB,Windows 10,['512 GB SSD'],DELL,64,DDR4
402,4.8,219894.0,Intel Core i5 Processor,16 GB,Windows 11,['1 TB SSD'],APPLE,64,Unified Memory
403,3.8,22490.0,Intel Core i5 Processor,4 GB,Windows 11,['512 GB SSD'],HP,64,LPDDR4X
404,4.8,85990.0,Intel Core i5 Processor,8 GB,Windows 11,['1 TB SSD'],ASUS,64,DDR4
405,3.7,129490.0,Intel Core i7 Processor,16 GB,Windows 11,['1 TB SSD'],MSI,64,DDR4
406,4.2,65990.0,Intel Core i5 Processor,16 GB,Windows 11,['512 GB SSD'],MSI,64,DDR4
407,3.9,62990.0,Intel Core i5 Processor,16 GB,Windows 11,['512 GB SSD'],HP,64,DDR4
408,4.6,112990.0,Intel Core i5 Processor,8 GB,Windows 11,['512 GB SSD'],APPLE,64,DDR4
409,4.2,191990.0,Intel Core i9 Processor,16 GB,Windows 11,['1 TB SSD'],ASUS,64,LPDDR5
410,4.5,35990.0,Intel Core i3 Processor,8 GB,Windows 11,['256 GB SSD'],Lenovo,64,DDR4
411,4.2,25490.0,Intel Celeron Dual Core Processor,4 GB,Windows 11,['512 GB SSD'],HP,64,LPDDR4
412,4.2,246490.0,Intel Core i7 Processor,32 GB,Windows 11,['1 TB SSD'],DELL,64,DDR5
413,4.3,139990.0,Intel Core i5 Processor,8 GB,Windows 11,['512 GB SSD'],APPLE,64,Unified Memory
414,4.2,43990.0,AMD Ryzen 5 Quad Core Processor,8 GB,Windows 11,['512 GB SSD'],HP,64,DDR4
415,3.8,19100.0,Intel Core i5 Processor,4 GB,Chrome,['512 GB SSD'],HP,32,DDR4
416,3.6,133499.0,AMD Ryzen 9 Octa Core Processor,16 GB,Windows 10,['1 TB SSD'],HP,64,DDR4
417,4.2,59890.0,Intel Core i5 Processor,8 GB,Windows 11,"['1 TB HDD', '256 GB SSD']",DELL,64,DDR4
418,4.7,142399.0,AMD Ryzen 7 Octa Core Processor,16 GB,Windows 10,['1 TB SSD'],HP,64,DDR4
419,3.8,22490.0,Intel Core i5 Processor,4 GB,Windows 11,['512 GB SSD'],HP,64,LPDDR4X
420,4.5,104890.0,Intel Core i5 Processor,16 GB,Windows 11,['512 GB SSD'],DELL,64,DDR5
421,4.4,136800.0,Intel Core i7 Processor,16 GB,Windows 10,['1 TB SSD'],MSI,64,DDR4
422,3.3,43190.0,Intel Core i3 Processor,8 GB,Windows 11,['512 GB SSD'],DELL,64,DDR4
423,4.3,36158.0,Intel Core i3 Processor,8 GB,Windows 11,['512 GB SSD'],Lenovo,64,DDR4
424,4.2,62190.0,Intel Core i3 Processor,8 GB,Windows 11,['256 GB SSD'],Lenovo,64,DDR4
425,4.3,71090.0,Intel Core i5 Processor,16 GB,Windows 10,['512 GB SSD'],DELL,64,DDR4
426,4.1,202490.0,Intel Core i5 Processor,16 GB,Windows 10,['1 TB SSD'],ALIENWARE,64,DDR4
427,4.5,37990.0,Intel Core i3 Processor,8 GB,Windows 11,['512 GB SSD'],MSI,64,DDR4
428,4.8,54990.0,Intel Core i5 Processor,16 GB,Windows 11,['512 GB SSD'],acer,64,DDR4
429,4.2,140131.0,Intel Core i7 Processor,16 GB,Windows 10,['512 GB SSD'],Lenovo,64,DDR4
430,4.2,199999.0,Intel Core i7 Processor,32 GB,Windows 11,['1 TB SSD'],HP,64,DDR5
431,4.2,33639.0,Intel Core i3 Processor,8 GB,Windows 11,['256 GB SSD'],Lenovo,64,DDR4
432,4.2,96990.0,AMD Ryzen 7 Octa Core Processor,16 GB,Windows 11,['1 TB SSD'],ASUS,64,DDR5
433,4.6,82990.0,Intel Core i5 Processor,16 GB,Windows 11,['512 GB SSD'],DELL,64,DDR5
434,4.3,64990.0,Intel Core i5 Processor,16 GB,Windows 11,"['1 TB HDD', '256 GB SSD']",ASUS,64,DDR4
435,4.2,25490.0,Intel Celeron Dual Core Processor,4 GB,Windows 11,['512 GB SSD'],HP,64,LPDDR4
436,4.2,49890.0,Intel Core i5 Processor,16 GB,Windows 11,['512 GB SSD'],DELL,64,DDR4
437,4.0,250000.0,Intel Core i5 Processor,16 GB,Windows 10,['1 TB SSD'],ALIENWARE,64,DDR4
438,3.7,40990.0,AMD Ryzen 3 Dual Core Processor,8 GB,Windows 11,['512 GB SSD'],DELL,64,DDR4
439,3.8,19100.0,Intel Core i5 Processor,4 GB,Chrome,['512 GB SSD'],HP,32,DDR4
440,4.2,92890.0,Intel Core i7 Processor,16 GB,Windows 11,['512 GB SSD'],HP,64,DDR4
441,4.2,93990.0,Intel Core i5 Processor,16 GB,Windows 11,['512 GB SSD'],ASUS,64,DDR5
442,4.2,159990.0,AMD Ryzen 7 Octa Core Processor,16 GB,Windows 11,['1 TB SSD'],Lenovo,64,DDR5
443,3.8,22490.0,Intel Core i5 Processor,4 GB,Windows 11,['512 GB SSD'],HP,64,LPDDR4X
444,4.2,249900.0,Intel Core i5 Processor,16 GB,Windows 11,['1 TB SSD'],APPLE,64,Unified Memory
445,4.2,309900.0,Intel Core i5 Processor,32 GB,Windows 11,['1 TB SSD'],APPLE,64,Unified Memory
446,4.2,304980.0,Intel Core i9 Processor,16 GB,Windows 11,['1 TB SSD'],ASUS,64,LPDDR5
447,4.3,36158.0,Intel Core i3 Processor,8 GB,Windows 11,['512 GB SSD'],Lenovo,64,DDR4
448,4.2,154990.0,Intel Core i5 Processor,16 GB,Windows 11,['512 GB SSD'],DELL,64,DDR4
449,4.2,154490.0,AMD Ryzen 9 Octa Core Processor,32 GB,Windows 11,['1 TB SSD'],HP,64,DDR5
450,4.0,56790.0,AMD Ryzen 5 Hexa Core Processor,8 GB,Windows 11,"['1 TB HDD', '256 GB SSD']",Lenovo,64,DDR4
451,4.5,37990.0,Intel Core i3 Processor,8 GB,Windows 11,['512 GB SSD'],MSI,64,DDR4
452,4.2,56990.0,Intel Core i5 Processor,8 GB,Windows 11,['512 GB SSD'],MSI,64,DDR4
453,4.2,269900.0,Intel Core i5 Processor,16 GB,Windows 11,['1 TB SSD'],APPLE,64,Unified Memory
454,4.4,149990.0,Intel Core i5 Processor,8 GB,Windows 11,['512 GB SSD'],APPLE,64,Unified Memory
455,4.2,33639.0,Intel Core i3 Processor,8 GB,Windows 11,['256 GB SSD'],Lenovo,64,DDR4
456,4.2,56990.0,Intel Core i5 Processor,8 GB,Windows 11,['512 GB SSD'],MSI,64,DDR4
457,4.2,72990.0,Intel Core i5 Processor,16 GB,Windows 11,['512 GB SSD'],HP,64,DDR4
458,4.2,309900.0,Intel Core i5 Processor,32 GB,Windows 11,['1 TB SSD'],APPLE,64,Unified Memory
459,4.2,25490.0,Intel Celeron Dual Core Processor,4 GB,Windows 11,['512 GB SSD'],HP,64,LPDDR4
460,4.2,304980.0,Intel Core i9 Processor,16 GB,Windows 11,['1 TB SSD'],ASUS,64,LPDDR5
461,4.2,43090.0,Intel Core i3 Processor,4 GB,Windows 11,"['1 TB HDD', '256 GB SSD']",DELL,64,DDR4
462,4.2,99990.0,AMD Ryzen 7 Octa Core Processor,16 GB,Windows 11,['512 GB SSD'],HP,64,DDR4
463,4.2,58400.0,Intel Core i5 Processor,8 GB,Windows 11,['512 GB SSD'],HP,64,DDR4
464,4.9,99990.0,AMD Ryzen 5 Hexa Core Processor,16 GB,Windows 11,['512 GB SSD'],ASUS,64,LPDDR5
465,4.2,164990.0,Intel Core i7 Processor,16 GB,Windows 11,['1 TB SSD'],Lenovo,64,DDR5
466,4.3,44190.0,Intel Core i3 Processor,8 GB,Windows 11,['256 GB SSD'],DELL,64,DDR4
467,4.3,53990.0,Intel Core i5 Processor,8 GB,Windows 11,['512 GB SSD'],HP,64,DDR4
468,4.2,59990.0,AMD Ryzen 5 Hexa Core Processor,16 GB,Windows 11,['512 GB SSD'],ASUS,64,DDR4
469,4.2,269900.0,Intel Core i5 Processor,16 GB,Windows 11,['1 TB SSD'],APPLE,64,Unified Memory
470,4.4,149990.0,Intel Core i5 Processor,8 GB,Windows 11,['512 GB SSD'],APPLE,64,Unified Memory
471,4.3,36158.0,Intel Core i3 Processor,8 GB,Windows 11,['512 GB SSD'],Lenovo,64,DDR4
472,4.3,57990.0,AMD Ryzen 7 Octa Core Processor,8 GB,Windows 10,['512 GB SSD'],ASUS,64,DDR4
473,4.5,115999.0,AMD Ryzen 9 Octa Core Processor,16 GB,Windows 11,['512 GB SSD'],ASUS,64,DDR4
474,4.2,247990.0,AMD Ryzen 7 Octa Core Processor,16 GB,Windows 11,['1 TB SSD'],ASUS,64,LPDDR5
475,4.2,60990.0,Intel Core i5 Processor,16 GB,Windows 11,['512 GB SSD'],HP,64,DDR4
476,4.1,45490.0,Intel Core i5 Processor,8 GB,Windows 11,"['1 TB HDD', '256 GB SSD']",DELL,64,DDR4
477,4.6,99990.0,AMD Ryzen 9 Octa Core Processor,16 GB,Windows 11,['512 GB SSD'],ASUS,64,DDR4
478,4.4,101990.0,Intel Core i7 Processor,16 GB,Windows 11,['1 TB SSD'],ASUS,64,DDR5
479,3.8,22490.0,Intel Core i5 Processor,4 GB,Windows 11,['512 GB SSD'],HP,64,LPDDR4X
480,5.0,99996.0,AMD Ryzen 7 Octa Core Processor,16 GB,Windows 11,['1 TB SSD'],ASUS,64,DDR4
481,4.2,69490.0,Intel Core i5 Processor,8 GB,Windows 11,"['1 TB HDD', '256 GB SSD']",DELL,64,DDR4
482,4.2,72990.0,Intel Core i5 Processor,8 GB,Windows 11,['512 GB SSD'],GIGABYTE,64,DDR4
483,4.2,25490.0,Intel Celeron Dual Core Processor,4 GB,Windows 11,['512 GB SSD'],HP,64,LPDDR4
484,4.2,189990.0,AMD Ryzen 7 Octa Core Processor,32 GB,Windows 11,['1 TB SSD'],Lenovo,64,DDR5
485,4.2,67990.0,Intel Core i5 Processor,16 GB,Windows 11,['512 GB SSD'],MSI,64,DDR4
486,4.2,399990.0,Intel Core i9 Processor,32 GB,Windows 11,['4 TB SSD'],ASUS,64,DDR5
487,4.2,58400.0,Intel Core i5 Processor,8 GB,Windows 11,['512 GB SSD'],HP,64,DDR4
488,4.5,52990.0,AMD Ryzen 5 Hexa Core Processor,8 GB,Windows 10,['512 GB SSD'],Lenovo,64,DDR4
489,4.2,57990.0,Intel Core i5 Processor,8 GB,Windows 10,['512 GB SSD'],DELL,64,DDR4
490,4.2,309900.0,Intel Core i5 Processor,32 GB,Windows 11,['1 TB SSD'],APPLE,64,Unified Memory
491,4.3,53990.0,Intel Core i5 Processor,8 GB,Windows 11,['512 GB SSD'],HP,64,DDR4
492,4.2,85990.0,Intel Core i5 Processor,16 GB,Windows 11,['512 GB SSD'],GIGABYTE,64,DDR4
493,4.2,180595.0,Intel Core i7 Processor,16 GB,Windows 11,['1 TB SSD'],Lenovo,64,LPDDR5
494,4.6,69990.0,Intel Core i5 Processor,16 GB,Windows 10,['512 GB SSD'],MSI,64,LPDDR4X
495,4.2,60990.0,Intel Core i5 Processor,16 GB,Windows 11,['512 GB SSD'],HP,64,DDR4
496,4.8,69490.0,Intel Core i5 Processor,8 GB,Windows 11,['512 GB SSD'],DELL,64,DDR4
497,4.4,58990.0,AMD Ryzen 5 Hexa Core Processor,16 GB,Windows 11,['512 GB SSD'],ASUS,64,DDR4
498,4.2,249900.0,Intel Core i5 Processor,16 GB,Windows 11,['512 GB SSD'],APPLE,64,Unified Memory
499,3.8,22490.0,Intel Core i5 Processor,4 GB,Windows 11,['512 GB SSD'],HP,64,LPDDR4X
500,4.2,164990.0,Intel Core i7 Processor,16 GB,Windows 11,['1 TB SSD'],Lenovo,64,DDR5
501,4.2,51990.0,Intel Core i5 Processor,8 GB,Windows 10,['512 GB SSD'],ASUS,64,DDR4
502,4.2,47990.0,AMD Ryzen 3 Quad Core Processor,8 GB,Windows 11,['512 GB SSD'],ASUS,64,LPDDR5
503,3.9,62990.0,Intel Core i5 Processor,16 GB,Windows 11,['512 GB SSD'],HP,64,DDR4
504,4.2,107699.0,AMD Ryzen 7 Octa Core Processor,16 GB,Windows 11,['512 GB SSD'],HP,64,DDR5
505,4.4,52990.0,Intel Core i5 Processor,8 GB,Windows 10,['512 GB SSD'],acer,64,DDR4
506,3.6,109100.0,AMD Ryzen 7 Octa Core Processor,16 GB,Windows 11,['512 GB SSD'],DELL,64,DDR4
507,4.2,25490.0,Intel Celeron Dual Core Processor,4 GB,Windows 11,['512 GB SSD'],HP,64,LPDDR4
508,4.0,130990.0,Intel Core i7 Processor,16 GB,Windows 11,['512 GB SSD'],HP,64,LPDDR4X
509,4.3,30690.0,Intel Pentium Quad Core Processor,4 GB,Windows 10,['256 GB SSD'],DELL,64,DDR4
510,4.2,89990.0,AMD Ryzen 5 Hexa Core Processor,16 GB,Windows 11,['512 GB SSD'],ASUS,64,LPDDR4X
511,4.2,58400.0,Intel Core i5 Processor,8 GB,Windows 11,['512 GB SSD'],HP,64,DDR4
512,4.2,92290.0,AMD Ryzen 5 Hexa Core Processor,16 GB,Windows 11,['512 GB SSD'],Lenovo,64,LPDDR4X
513,4.1,103490.0,Intel Core i5 Processor,16 GB,Windows 11,['512 GB SSD'],DELL,64,DDR4
514,3.8,62990.0,Intel Core i5 Processor,8 GB,Windows 10,['512 GB SSD'],DELL,64,DDR4
515,4.3,53990.0,Intel Core i5 Processor,8 GB,Windows 11,['512 GB SSD'],HP,64,DDR4
516,4.2,94990.0,Intel Core i7 Processor,16 GB,Windows 11,['512 GB SSD'],MSI,64,DDR5
517,4.0,42490.0,Intel Core i3 Processor,8 GB,Windows 11,['512 GB SSD'],DELL,64,DDR4
518,4.2,189990.0,AMD Ryzen 9 Octa Core Processor,16 GB,Windows 11,['1 TB SSD'],ASUS,64,DDR5
519,4.2,60990.0,Intel Core i5 Processor,16 GB,Windows 11,['512 GB SSD'],HP,64,DDR4
520,4.2,75100.0,AMD Ryzen 5 Hexa Core Processor,8 GB,Windows 10,"['1 TB HDD', '256 GB SSD']",ASUS,64,DDR4
521,4.5,55990.0,AMD Ryzen 5 Hexa Core Processor,8 GB,Windows 10,['512 GB SSD'],acer,64,LPDDR4X
522,4.3,45999.0,Intel Core i5 Processor,8 GB,Windows 11,"['1 TB HDD', '256 GB SSD']",DELL,64,DDR4
523,3.8,22490.0,Intel Core i5 Processor,4 GB,Windows 11,['512 GB SSD'],HP,64,LPDDR4X
524,4.4,72990.0,Intel Core i7 Processor,16 GB,Windows 11,['512 GB SSD'],SAMSUNG,64,DDR4
525,4.2,109990.0,Intel Core i7 Processor,16 GB,Windows 11,['512 GB SSD'],ASUS,64,LPDDR5
526,4.6,46990.0,AMD Ryzen 5 Hexa Core Processor,8 GB,Windows 11,['512 GB SSD'],Lenovo,64,DDR4
527,3.9,62990.0,Intel Core i5 Processor,16 GB,Windows 11,['512 GB SSD'],HP,64,DDR4
528,4.2,167990.0,Intel Core i7 Processor,16 GB,Windows 11,['512 GB SSD'],DELL,64,DDR5
529,4.2,59990.0,AMD Ryzen 5 Hexa Core Processor,16 GB,Windows 11,['512 GB SSD'],ASUS,64,DDR4
530,4.5,85990.0,AMD Ryzen 7 Octa Core Processor,16 GB,Windows 11,['512 GB SSD'],DELL,64,DDR4
531,4.2,25490.0,Intel Celeron Dual Core Processor,4 GB,Windows 11,['512 GB SSD'],HP,64,LPDDR4
532,4.2,74990.0,AMD Ryzen 5 Dual Core Processor,16 GB,Windows 11,['512 GB SSD'],ASUS,64,DDR4
533,4.2,48990.0,Intel Core i3 Processor,8 GB,Windows 11,['512 GB SSD'],MSI,64,DDR4
534,4.3,83192.0,Intel Core i5 Processor,16 GB,Windows 11,['512 GB SSD'],DELL,64,DDR4
535,3.8,19100.0,Intel Core i5 Processor,4 GB,Chrome,['512 GB SSD'],HP,32,DDR4
536,4.5,180990.0,Intel Core i5 Processor,16 GB,Windows 10,['1 TB SSD'],MSI,64,DDR4
537,3.8,56990.0,Intel Core i5 Processor,8 GB,Windows 11,['512 GB SSD'],ASUS,64,DDR4
538,4.4,43490.0,Intel Core i5 Processor,8 GB,Windows 11,['512 GB SSD'],DELL,64,DDR4
539,3.8,22490.0,Intel Core i5 Processor,4 GB,Windows 11,['512 GB SSD'],HP,64,LPDDR4X
540,4.0,157990.0,AMD Ryzen 7 Octa Core Processor,16 GB,Windows 11,['1 TB SSD'],ASUS,64,DDR5
541,4.2,31990.0,Intel Core i3 Processor,8 GB,Windows 11,['256 GB SSD'],Infinix,64,LPDDR4X
542,4.2,95990.0,AMD Ryzen 5 Hexa Core Processor,16 GB,Windows 11,['512 GB SSD'],HP,64,DDR4
543,4.3,36158.0,Intel Core i3 Processor,8 GB,Windows 11,['512 GB SSD'],Lenovo,64,DDR4
544,4.2,59990.0,AMD Ryzen 5 Hexa Core Processor,8 GB,Windows 11,['1 TB SSD'],ASUS,64,DDR4
545,5.0,99990.0,Intel Core i5 Processor,16 GB,Windows 11,['512 GB SSD'],DELL,64,DDR5
546,4.2,104090.0,AMD Ryzen 7 Octa Core Processor,16 GB,Windows 11,['512 GB SSD'],ASUS,64,DDR5
547,4.5,37990.0,Intel Core i3 Processor,8 GB,Windows 11,['512 GB SSD'],MSI,64,DDR4
548,4.1,25990.0,Intel Celeron Dual Core Processor,4 GB,Windows 11,['512 GB SSD'],ASUS,64,LPDDR4
549,4.2,109990.0,Intel Core i5 Processor,16 GB,Windows 11,['512 GB SSD'],ASUS,64,LPDDR5
550,4.5,72990.0,AMD Ryzen 7 Octa Core Processor,16 GB,Windows 11,['512 GB SSD'],Lenovo,64,DDR4
551,4.2,33639.0,Intel Core i3 Processor,8 GB,Windows 11,['256 GB SSD'],Lenovo,64,DDR4
552,4.2,47990.0,AMD Ryzen 3 Quad Core Processor,8 GB,Windows 11,['512 GB SSD'],ASUS,64,LPDDR5
553,4.2,44490.0,Intel Core i3 Processor,8 GB,Windows 11,['512 GB SSD'],DELL,64,DDR4
554,4.2,56990.0,Intel Core i5 Processor,8 GB,Windows 11,['512 GB SSD'],DELL,64,DDR4
555,4.2,25490.0,Intel Celeron Dual Core Processor,4 GB,Windows 11,['512 GB SSD'],HP,64,LPDDR4
556,4.5,96990.0,Intel Core i7 Processor,16 GB,Windows 10,"['1 TB HDD', '256 GB SSD']",acer,64,DDR4
557,4.2,75476.0,AMD Ryzen 5 Hexa Core Processor,16 GB,Windows 11,['512 GB SSD'],ASUS,64,DDR4
558,4.2,39990.0,Intel Core i3 Processor,8 GB,Windows 11,['256 GB SSD'],HP,64,DDR4
559,4.2,58400.0,Intel Core i5 Processor,8 GB,Windows 11,['512 GB SSD'],HP,64,DDR4
560,4.2,62990.0,AMD Ryzen 5 Hexa Core Processor,8 GB,Windows 11,['512 GB SSD'],acer,64,LPDDR4X
561,4.6,72490.0,Intel Core i5 Processor,8 GB,Windows 10,['512 GB SSD'],DELL,64,DDR4
562,4.2,79990.0,AMD Ryzen 5 Hexa Core Processor,8 GB,Windows 11,['512 GB SSD'],acer,64,DDR5
563,4.3,53990.0,Intel Core i5 Processor,8 GB,Windows 11,['512 GB SSD'],HP,64,DDR4
564,4.2,95990.0,AMD Ryzen 5 Hexa Core Processor,16 GB,Windows 11,['512 GB SSD'],HP,64,DDR4
565,4.1,84990.0,Intel Core i7 Processor,16 GB,Windows 11,['512 GB SSD'],ASUS,64,DDR4
566,4.1,25990.0,Intel Celeron Dual Core Processor,4 GB,Windows 11,['512 GB SSD'],ASUS,64,LPDDR4
567,4.3,36158.0,Intel Core i3 Processor,8 GB,Windows 11,['512 GB SSD'],Lenovo,64,DDR4
568,4.2,109990.0,Intel Core i5 Processor,16 GB,Windows 11,['512 GB SSD'],ASUS,64,LPDDR5
569,4.0,44490.0,Intel Core i3 Processor,4 GB,Windows 10,['256 GB SSD'],Lenovo,64,DDR4
570,4.2,192990.0,Intel Core i7 Processor,32 GB,Windows 11,['1 TB SSD'],Lenovo,64,DDR4
571,4.2,60990.0,Intel Core i5 Processor,16 GB,Windows 11,['512 GB SSD'],HP,64,DDR4
572,4.2,51890.0,Intel Core i5 Processor,8 GB,Windows 11,['512 GB SSD'],HP,64,DDR4
573,4.2,32990.0,Intel Core i3 Processor,8 GB,Windows 11,['512 GB SSD'],Infinix,64,LPDDR4X
574,4.2,116640.0,Intel Core i5 Processor,16 GB,Windows 10,"['128 GB SSD', '1 TB HDD', '128 GB SSD']",acer,64,DDR4
575,3.8,22490.0,Intel Core i5 Processor,4 GB,Windows 11,['512 GB SSD'],HP,64,LPDDR4X
576,4.2,89990.0,AMD Ryzen 7 Hexa Core Processor,8 GB,Windows 11,['512 GB SSD'],acer,64,DDR5
577,4.2,147990.0,AMD Ryzen 7 Octa Core Processor,16 GB,Windows 11,['1 TB SSD'],ASUS,64,LPDDR5
578,4.2,59990.0,AMD Ryzen 5 Quad Core Processor,8 GB,Windows 11,['512 GB SSD'],ASUS,64,LPDDR5
579,4.2,25490.0,Intel Celeron Dual Core Processor,4 GB,Windows 11,['512 GB SSD'],HP,64,LPDDR4
580,4.2,79990.0,AMD Ryzen 5 Hexa Core Processor,8 GB,Windows 11,['512 GB SSD'],HP,64,DDR4
581,3.8,103490.0,Intel Core i5 Processor,16 GB,Windows 11,['512 GB SSD'],DELL,64,DDR4
582,4.3,32990.0,Intel Core i3 Processor,8 GB,Windows 11,['512 GB SSD'],Infinix,64,LPDDR4X
583,3.8,19100.0,Intel Core i5 Processor,4 GB,Chrome,['512 GB SSD'],HP,32,DDR4
584,4.8,69490.0,Intel Core i5 Processor,8 GB,Windows 11,['512 GB SSD'],DELL,64,DDR4
585,4.0,75990.0,Intel Core i5 Processor,16 GB,Windows 11,['512 GB SSD'],ASUS,64,DDR4
586,4.2,234990.0,Intel Core i7 Processor,32 GB,Windows 10,['1 TB SSD'],ASUS,64,DDR4
587,3.8,22490.0,Intel Core i5 Processor,4 GB,Windows 11,['512 GB SSD'],HP,64,LPDDR4X
588,4.0,20990.0,Intel Celeron Dual Core Processor,4 GB,Windows 11,['512 GB SSD'],ASUS,64,LPDDR4
589,4.5,61990.0,AMD Ryzen 5 Dual Core Processor,8 GB,Windows 11,['512 GB SSD'],ASUS,64,DDR4
590,4.3,44490.0,Intel Core i3 Processor,8 GB,Windows 11,['512 GB SSD'],DELL,64,DDR4
591,4.3,36158.0,Intel Core i3 Processor,8 GB,Windows 11,['512 GB SSD'],Lenovo,64,DDR4
592,4.6,63990.0,AMD Ryzen 7 Octa Core Processor,16 GB,Windows 11,['512 GB SSD'],ASUS,64,DDR4
593,4.3,62990.0,Intel Core i5 Processor,8 GB,Windows 10,['512 GB SSD'],DELL,64,DDR4
594,4.2,73890.0,AMD Ryzen 7 Octa Core Processor,16 GB,Windows 11,['512 GB SSD'],DELL,64,DDR4
595,4.2,33639.0,Intel Core i3 Processor,8 GB,Windows 11,['256 GB SSD'],Lenovo,64,DDR4
596,4.0,130990.0,Intel Core i7 Processor,16 GB,Windows 11,['512 GB SSD'],HP,64,LPDDR4X
597,4.2,84990.0,Intel Core i5 Processor,16 GB,Windows 11,['512 GB SSD'],acer,64,LPDDR4X
598,4.2,45399.0,Intel Core i3 Processor,8 GB,Windows 11,['512 GB SSD'],DELL,64,DDR4
599,4.2,65990.0,Intel Core i5 Processor,16 GB,Windows 11,['512 GB SSD'],MSI,64,DDR4
600,4.2,61290.0,Intel Core i5 Processor,16 GB,Windows 11,['512 GB SSD'],Lenovo,64,DDR4
601,4.2,59990.0,AMD Ryzen 5 Quad Core Processor,8 GB,Windows 11,['512 GB SSD'],ASUS,64,LPDDR5
602,4.2,52990.0,AMD Ryzen 5 Quad Core Processor,8 GB,Windows 11,['512 GB SSD'],ASUS,64,LPDDR5
603,4.2,25490.0,Intel Celeron Dual Core Processor,4 GB,Windows 11,['512 GB SSD'],HP,64,LPDDR4
604,4.2,34000.0,Intel Core i3 Processor,8 GB,Windows 11,['256 GB SSD'],Lenovo,64,DDR4
605,4.5,129999.0,Intel Core i5 Processor,8 GB,Windows 10,"['128 GB SSD', '1 TB HDD', '128 GB SSD']",acer,64,DDR4
606,4.3,42490.0,Intel Core i3 Processor,8 GB,Windows 10,['512 GB SSD'],ASUS,64,DDR4
607,3.8,19100.0,Intel Core i5 Processor,4 GB,Chrome,['512 GB SSD'],HP,32,DDR4
608,4.4,42690.0,Intel Core i3 Processor,8 GB,Windows 11,['256 GB SSD'],DELL,64,DDR4
609,4.2,71857.0,Intel Core i5 Processor,8 GB,Windows 11,['512 GB SSD'],DELL,64,DDR4
610,4.2,166399.0,Intel Core i7 Processor,16 GB,Windows 11,['1 TB SSD'],HP,64,DDR5
611,3.8,22490.0,Intel Core i5 Processor,4 GB,Windows 11,['512 GB SSD'],HP,64,LPDDR4X
612,4.2,87490.0,Intel Core i5 Processor,8 GB,Windows 10,"['1 TB HDD', '128 GB SSD']",HP,64,DDR4
613,4.2,61255.0,Intel Core i5 Processor,8 GB,Windows 11,['512 GB SSD'],Lenovo,64,DDR4
614,4.4,55600.0,Intel Core i5 Processor,8 GB,Windows 10,['512 GB SSD'],HP,64,DDR4
615,4.3,36158.0,Intel Core i3 Processor,8 GB,Windows 11,['512 GB SSD'],Lenovo,64,DDR4
616,4.1,60130.0,Intel Core i5 Processor,8 GB,Windows 10,"['1 TB HDD', '256 GB SSD']",acer,64,DDR4
617,4.2,89976.0,AMD Ryzen 7 Octa Core Processor,16 GB,Windows 11,['512 GB SSD'],DELL,64,DDR4
618,4.2,28490.0,Intel Pentium Silver Processor,8 GB,Windows 11,['256 GB SSD'],acer,64,DDR4
619,4.5,37990.0,Intel Core i3 Processor,8 GB,Windows 11,['512 GB SSD'],MSI,64,DDR4
620,3.5,40990.0,Intel Core i3 Processor,8 GB,Windows 11,"['1 TB HDD', '256 GB SSD']",HP,64,DDR4
621,4.2,162490.0,Intel Core i5 Processor,8 GB,Windows 11,['512 GB SSD'],APPLE,64,DDR3
622,4.2,115999.0,Intel Core i7 Processor,16 GB,Windows 11,['1 TB SSD'],acer,64,LPDDR5
623,4.2,33639.0,Intel Core i3 Processor,8 GB,Windows 11,['256 GB SSD'],Lenovo,64,DDR4
624,4.5,59990.0,Intel Core i5 Processor,8 GB,Windows 10,['512 GB SSD'],ASUS,64,DDR4
625,4.3,55990.0,Intel Core i5 Processor,8 GB,Windows 11,['512 GB SSD'],Lenovo,64,DDR4
626,4.4,71990.0,Intel Core i5 Processor,16 GB,Windows 10,['512 GB SSD'],DELL,64,DDR4
627,4.2,25490.0,Intel Celeron Dual Core Processor,4 GB,Windows 11,['512 GB SSD'],HP,64,LPDDR4
628,4.2,62490.0,Intel Core i5 Processor,8 GB,Windows 11,['512 GB SSD'],DELL,64,DDR4
629,3.5,16100.0,Intel Celeron Dual Core Processor,4 GB,Windows 11,['512 GB SSD'],Lenovo,64,LPDDR4
630,4.2,94990.0,Intel Core i5 Processor,16 GB,Windows 11,['512 GB SSD'],acer,64,LPDDR4X
631,3.8,19100.0,Intel Core i5 Processor,4 GB,Chrome,['512 GB SSD'],HP,32,DDR4
632,4.2,66990.0,AMD Ryzen 5 Hexa Core Processor,16 GB,Windows 11,['1 TB SSD'],ASUS,64,DDR4
633,4.1,38990.0,Intel Core i5 Processor,16 GB,Windows 11,['512 GB SSD'],Infinix,64,LPDDR4X
634,4.4,76990.0,AMD Ryzen 7 Octa Core Processor,8 GB,Windows 10,['512 GB SSD'],Lenovo,64,DDR4
635,3.8,22490.0,Intel Core i5 Processor,4 GB,Windows 11,['512 GB SSD'],HP,64,LPDDR4X
636,4.2,147990.0,Intel Core i7 Processor,16 GB,Windows 11,['1 TB SSD'],MSI,64,LPDDR5
637,4.2,55490.0,AMD Ryzen 5 Hexa Core Processor,8 GB,Windows 11,['512 GB SSD'],HP,64,DDR4
638,4.0,45690.0,Intel Core i3 Processor,8 GB,Windows 11,['512 GB SSD'],DELL,64,DDR4
639,4.3,36158.0,Intel Core i3 Processor,8 GB,Windows 11,['512 GB SSD'],Lenovo,64,DDR4
640,5.0,35890.0,Intel Core i3 Processor,8 GB,Windows 11,['256 GB SSD'],Lenovo,64,DDR4
641,4.3,66990.0,Intel Core i7 Processor,8 GB,Windows 10,['512 GB SSD'],ASUS,64,LPDDR3
642,4.5,76990.0,AMD Ryzen 7 Octa Core Processor,8 GB,Windows 11,['512 GB SSD'],Lenovo,64,DDR4
643,4.2,33639.0,Intel Core i3 Processor,8 GB,Windows 11,['256 GB SSD'],Lenovo,64,DDR4
644,4.1,21990.0,Intel Celeron Quad Core Processor,4 GB,Windows 11,['128 GB SSD'],Infinix,64,LPDDR4X
645,4.1,57490.0,Intel Core i5 Processor,16 GB,Windows 11,['512 GB SSD'],Lenovo,64,DDR4
646,4.3,37490.0,Intel Core i3 Processor,4 GB,Windows 10,['512 GB SSD'],HP,64,DDR4
647,4.2,65990.0,Intel Core i5 Processor,16 GB,Windows 11,['512 GB SSD'],MSI,64,DDR4
648,4.4,45990.0,Intel Core i3 Processor,4 GB,Windows 10,['512 GB SSD'],DELL,64,DDR4
649,4.1,59990.0,Intel Core i5 Processor,16 GB,Windows 11,['512 GB SSD'],Lenovo,64,DDR4
650,4.1,42490.0,Intel Core i3 Processor,4 GB,Windows 11,"['1 TB HDD', '256 GB SSD']",DELL,64,DDR4
651,4.2,25490.0,Intel Celeron Dual Core Processor,4 GB,Windows 11,['512 GB SSD'],HP,64,LPDDR4
652,4.4,71990.0,Intel Core i5 Processor,8 GB,Windows 11,['512 GB SSD'],Lenovo,64,DDR4
653,3.9,42690.0,AMD Ryzen 5 Quad Core Processor,8 GB,Windows 10,['256 GB SSD'],DELL,64,DDR4
654,3.7,104990.0,Intel Core i5 Processor,16 GB,Windows 11,['512 GB SSD'],ASUS,64,LPDDR5
655,3.8,19100.0,Intel Core i5 Processor,4 GB,Chrome,['512 GB SSD'],HP,32,DDR4
656,4.2,84990.0,AMD Ryzen 5 Hexa Core Processor,8 GB,Windows 11,['1 TB SSD'],acer,64,DDR5
657,4.3,32990.0,Intel Core i3 Processor,8 GB,Windows 11,['512 GB SSD'],Infinix,64,LPDDR4X
658,4.1,37990.0,Intel Core i5 Processor,8 GB,Windows 11,['512 GB SSD'],Infinix,64,LPDDR4X
659,3.8,22490.0,Intel Core i5 Processor,4 GB,Windows 11,['512 GB SSD'],HP,64,LPDDR4X
660,4.2,45990.0,Intel Core i3 Processor,8 GB,Windows 11,['512 GB SSD'],DELL,64,DDR4
661,4.3,31490.0,Intel Core i3 Processor,4 GB,Windows 10,['256 GB SSD'],ASUS,64,DDR4
662,4.2,36990.0,Intel Core i3 Processor,8 GB,Windows 11,['512 GB SSD'],acer,64,DDR4
663,4.3,36158.0,Intel Core i3 Processor,8 GB,Windows 11,['512 GB SSD'],Lenovo,64,DDR4
664,4.1,22490.0,Intel Celeron Dual Core Processor,4 GB,Windows 11,['128 GB SSD'],ASUS,64,DDR4
665,4.0,42990.0,AMD Ryzen 3 Dual Core Processor,8 GB,Windows 11,['512 GB SSD'],DELL,64,DDR4
666,3.7,60990.0,Intel Core i5 Processor,8 GB,Windows 11,"['1 TB HDD', '256 GB SSD']",DELL,64,DDR4
667,4.2,33639.0,Intel Core i3 Processor,8 GB,Windows 11,['256 GB SSD'],Lenovo,64,DDR4
668,4.2,89490.0,Intel Core i5 Processor,8 GB,Windows 11,['512 GB SSD'],DELL,64,DDR4
669,4.2,62250.0,Intel Core i5 Processor,8 GB,Windows 11,['1 TB SSD'],ASUS,64,DDR4
670,3.9,104400.0,AMD Ryzen 7 Octa Core Processor,16 GB,Windows 11,['1 TB SSD'],HP,64,DDR4
671,4.2,65990.0,Intel Core i5 Processor,16 GB,Windows 11,['512 GB SSD'],MSI,64,DDR4
672,3.6,31490.0,AMD Ryzen 3 Dual Core Processor,4 GB,Windows 10,['1 TB HDD'],Lenovo,64,DDR4
673,4.1,73799.0,Intel Core i5 Processor,8 GB,Windows 11,['512 GB SSD'],DELL,64,DDR4
674,4.2,138999.0,AMD Ryzen 7 Octa Core Processor,16 GB,Windows 11,['1 TB SSD'],acer,64,LPDDR5
675,4.2,25490.0,Intel Celeron Dual Core Processor,4 GB,Windows 11,['512 GB SSD'],HP,64,LPDDR4
676,4.4,114990.0,Intel Core i7 Processor,16 GB,Windows 11,['1 TB SSD'],MSI,64,DDR4
677,4.2,42999.0,Intel Core i3 Processor,8 GB,Windows 11,['512 GB SSD'],DELL,64,DDR4
678,4.3,35990.0,Intel Core i3 Processor,4 GB,Windows 10,['256 GB SSD'],DELL,64,DDR4
679,4.2,58400.0,Intel Core i5 Processor,8 GB,Windows 11,['512 GB SSD'],HP,64,DDR4
680,3.7,37990.0,Intel Core i3 Processor,8 GB,DOS,['256 GB SSD'],Lenovo,64,DDR4
681,4.2,74990.0,Intel Core i5 Processor,8 GB,Windows 11,['512 GB SSD'],SAMSUNG,64,LPDDR4X
682,4.2,70430.0,Intel Core i5 Processor,8 GB,Windows 11,['512 GB SSD'],DELL,64,DDR4
683,4.3,53990.0,Intel Core i5 Processor,8 GB,Windows 11,['512 GB SSD'],HP,64,DDR4
684,4.2,28790.0,AMD Ryzen 3 Dual Core Processor,8 GB,Windows 11,['512 GB SSD'],HP,64,DDR4
685,4.3,39490.0,Intel Core i3 Processor,8 GB,Windows 10,['256 GB SSD'],DELL,64,DDR4
686,4.7,89990.0,Intel Core i7 Processor,16 GB,Windows 10,['1 TB SSD'],ASUS,64,LPDDR4X
687,4.2,60990.0,Intel Core i5 Processor,16 GB,Windows 11,['512 GB SSD'],HP,64,DDR4
688,4.3,82490.0,Intel Core i7 Processor,8 GB,Windows 10,"['1 TB HDD', '256 GB SSD']",ASUS,64,DDR4
689,4.5,58990.0,AMD Ryzen 5 Hexa Core Processor,8 GB,Windows 10,['512 GB SSD'],Lenovo,64,DDR4
690,4.2,89509.0,AMD Ryzen 7 Dual Core Processor,16 GB,Windows 11,['512 GB SSD'],ASUS,64,DDR5
691,3.8,22490.0,Intel Core i5 Processor,4 GB,Windows 11,['512 GB SSD'],HP,64,LPDDR4X
692,4.2,39990.0,Intel Core i5 Processor,8 GB,Windows 11,['512 GB SSD'],Infinix,64,LPDDR4X
693,4.4,55490.0,Intel Core i5 Processor,8 GB,Windows 10,['512 GB SSD'],realme,64,DDR4
694,4.0,25990.0,Intel Celeron Dual Core Processor,4 GB,Windows 11,['512 GB SSD'],ASUS,64,LPDDR4
695,3.9,62990.0,Intel Core i5 Processor,16 GB,Windows 11,['512 GB SSD'],HP,64,DDR4
696,4.1,73799.0,Intel Core i5 Processor,8 GB,Windows 11,['512 GB SSD'],DELL,64,DDR4
697,4.2,39990.0,Intel Core i3 Processor,8 GB,Windows 11,['512 GB SSD'],HP,64,DDR4
698,4.0,25990.0,Intel Celeron Dual Core Processor,4 GB,Windows 11,['512 GB SSD'],ASUS,64,LPDDR4
699,4.2,25490.0,Intel Celeron Dual Core Processor,4 GB,Windows 11,['512 GB SSD'],HP,64,LPDDR4
700,4.5,58490.0,AMD Ryzen 5 Hexa Core Processor,8 GB,Windows 10,"['1 TB HDD', '256 GB SSD']",Lenovo,64,DDR4
701,4.2,48990.0,Intel Core i3 Processor,8 GB,Windows 10,['512 GB SSD'],MSI,64,DDR4
702,4.5,87990.0,AMD Ryzen 7 Octa Core Processor,8 GB,Windows 11,['512 GB SSD'],ASUS,64,DDR4
703,3.8,19100.0,Intel Core i5 Processor,4 GB,Chrome,['512 GB SSD'],HP,32,DDR4
704,4.2,171990.0,AMD Ryzen 7 Octa Core Processor,16 GB,Windows 11,['1 TB SSD'],ASUS,64,DDR5
705,3.7,97500.0,Intel Core i5 Processor,16 GB,Windows 10,['512 GB SSD'],HP,64,DDR4
706,4.3,69490.0,Intel Core i5 Processor,8 GB,Windows 10,['512 GB SSD'],DELL,64,DDR4
707,3.8,22490.0,Intel Core i5 Processor,4 GB,Windows 11,['512 GB SSD'],HP,64,LPDDR4X
708,4.2,72990.0,Intel Core i5 Processor,16 GB,Windows 11,['512 GB SSD'],DELL,64,DDR4
709,4.4,37990.0,AMD Ryzen 3 Dual Core Processor,8 GB,Windows 10,['256 GB SSD'],Lenovo,64,DDR4
710,4.2,189990.0,Intel Core i7 Processor,32 GB,Windows 11,['1 TB SSD'],MSI,64,LPDDR5
711,4.3,36158.0,Intel Core i3 Processor,8 GB,Windows 11,['512 GB SSD'],Lenovo,64,DDR4
712,4.5,24500.0,Intel Pentium Quad Core Processor,4 GB,Windows 11,['256 GB SSD'],acer,64,DDR4
713,4.2,30990.0,Intel Core i3 Processor,8 GB,Windows 11,['256 GB SSD'],RedmiBook,64,DDR4
714,4.5,64490.0,Intel Core i5 Processor,8 GB,Windows 10,['256 GB SSD'],HP,64,DDR3
715,4.2,33639.0,Intel Core i3 Processor,8 GB,Windows 11,['256 GB SSD'],Lenovo,64,DDR4
716,4.2,46990.0,AMD Ryzen 5 Quad Core Processor,8 GB,Windows 11,['512 GB SSD'],acer,64,LPDDR5
717,4.6,102490.0,Intel Core i5 Processor,16 GB,Windows 10,['512 GB SSD'],MSI,64,DDR4
718,4.2,174990.0,Intel Core i7 Processor,16 GB,Windows 11,['512 GB SSD'],ASUS,64,DDR5
719,4.2,65990.0,Intel Core i5 Processor,16 GB,Windows 11,['512 GB SSD'],MSI,64,DDR4
